Title,Actors,Year,Runtime_Minutes
Guardians of the Galaxy,"Chris Pratt, Vin Diesel, Bradley Cooper, Zoe Saldana",2014,121
Prometheus,"Noomi Rapace, Logan Marshall-Green, Michael Fassbender, Charlize Theron",2012,124
Split,"James McAvoy, Anya Taylor-Joy, Haley Lu Richardson, Jessica Sula",2016,117
Sing,"Matthew McConaughey,Reese Witherspoon, Seth MacFarlane, Scarlett Johansson",2016,108
Suicide Squad,"Will Smith, Jared Leto, Margot Robbie, Viola Davis",2016,123
The Great Wall,"Matt Damon, Tian Jing, Willem Dafoe, Andy Lau",2016,103
La La Land,"Ryan Gosling, Emma Stone, Rosemarie DeWitt, J.K. Simmons",2016,128
Mindhorn,"Essie Davis, Andrea Riseborough, Julian Barratt,Kenneth Branagh",2016,89
The Lost City of Z,"Charlie Hunnam, Robert Pattinson, Sienna Miller, Tom Holland",2016,141
Passengers,"Jennifer Lawrence, Chris Pratt, Michael Sheen,Laurence Fishburne",2016,116
Fantastic Beasts and Where to Find Them,"Eddie Redmayne, Katherine Waterston, Alison Sudol,Dan Fogler",2016,133
Hidden Figures,"Taraji P. Henson, Octavia Spencer, Janelle Monáe,Kevin Costner",2016,127
Rogue One,"Felicity Jones, Diego Luna, Alan Tudyk, Donnie Yen",2016,133
Moana,"Auli'i Cravalho, Dwayne Johnson, Rachel House, Temuera Morrison",2016,107
Colossal,"Anne Hathaway, Jason Sudeikis, Austin Stowell,Tim Blake Nelson",2016,109
The Secret Life of Pets,"Louis C.K., Eric Stonestreet, Kevin Hart, Lake Bell",2016,87
Hacksaw Ridge,"Andrew Garfield, Sam Worthington, Luke Bracey,Teresa Palmer",2016,139
Jason Bourne,"Matt Damon, Tommy Lee Jones, Alicia Vikander,Vincent Cassel",2016,123
Lion,"Dev Patel, Nicole Kidman, Rooney Mara, Sunny Pawar",2016,118
Arrival,"Amy Adams, Jeremy Renner, Forest Whitaker,Michael Stuhlbarg",2016,116
Gold,"Matthew McConaughey, Edgar Ramírez, Bryce Dallas Howard, Corey Stoll",2016,120
Manchester by the Sea,"Casey Affleck, Michelle Williams, Kyle Chandler,Lucas Hedges",2016,137
Hounds of Love,"Emma Booth, Ashleigh Cummings, Stephen Curry,Susie Porter",2016,108
Trolls,"Anna Kendrick, Justin Timberlake,Zooey Deschanel, Christopher Mintz-Plasse",2016,92
Independence Day: Resurgence,"Liam Hemsworth, Jeff Goldblum, Bill Pullman,Maika Monroe",2016,120
Paris pieds nus,"Fiona Gordon, Dominique Abel,Emmanuelle Riva, Pierre Richard",2016,83
Bahubali: The Beginning,"Prabhas, Rana Daggubati, Anushka Shetty,Tamannaah Bhatia",2015,159
Dead Awake,"Jocelin Donahue, Jesse Bradford, Jesse Borrego,Lori Petty",2016,99
Bad Moms,"Mila Kunis, Kathryn Hahn, Kristen Bell,Christina Applegate",2016,100
Assassin's Creed,"Michael Fassbender, Marion Cotillard, Jeremy Irons,Brendan Gleeson",2016,115
Why Him?,"Zoey Deutch, James Franco, Tangie Ambrose,Cedric the Entertainer",2016,111
Nocturnal Animals,"Amy Adams, Jake Gyllenhaal, Michael Shannon, Aaron Taylor-Johnson",2016,116
X-Men: Apocalypse,"James McAvoy, Michael Fassbender, Jennifer Lawrence, Nicholas Hoult",2016,144
Deadpool,"Ryan Reynolds, Morena Baccarin, T.J. Miller, Ed Skrein",2016,108
Resident Evil: The Final Chapter,"Milla Jovovich, Iain Glen, Ali Larter, Shawn Roberts",2016,107
Captain America: Civil War,"Chris Evans, Robert Downey Jr.,Scarlett Johansson, Sebastian Stan",2016,147
Interstellar,"Matthew McConaughey, Anne Hathaway, Jessica Chastain, Mackenzie Foy",2014,169
Doctor Strange,"Benedict Cumberbatch, Chiwetel Ejiofor, Rachel McAdams, Benedict Wong",2016,115
The Magnificent Seven,"Denzel Washington, Chris Pratt, Ethan Hawke,Vincent D'Onofrio",2016,132
5- 25- 77,"John Francis Daley, Austin Pendleton, Colleen Camp, Neil Flynn",2007,113
Sausage Party,"Seth Rogen, Kristen Wiig, Jonah Hill, Alistair Abell",2016,89
Moonlight,"Mahershala Ali, Shariff Earp, Duan Sanderson, Alex R. Hibbert",2016,111
Don't Fuck in the Woods,"Brittany Blanton, Ayse Howard, Roman Jossart,Nadia White",2016,73
The Founder,"Michael Keaton, Nick Offerman, John Carroll Lynch, Linda Cardellini",2016,115
Lowriders,"Gabriel Chavarria, Demián Bichir, Theo Rossi,Tony Revolori",2016,99
Pirates of the Caribbean: On Stranger Tides,"Johnny Depp, Penélope Cruz, Ian McShane, Geoffrey Rush",2011,136
Miss Sloane,"Jessica Chastain, Mark Strong, Gugu Mbatha-Raw,Michael Stuhlbarg",2016,132
Fallen,"Hermione Corfield, Addison Timlin, Joely Richardson,Jeremy Irvine",2016,91
Star Trek Beyond,"Chris Pine, Zachary Quinto, Karl Urban, Zoe Saldana",2016,122
The Last Face,"Charlize Theron, Javier Bardem, Adèle Exarchopoulos,Jared Harris",2016,130
Star Wars: Episode VII - The Force Awakens,"Daisy Ridley, John Boyega, Oscar Isaac, Domhnall Gleeson",2015,136
Underworld: Blood Wars,"Kate Beckinsale, Theo James, Tobias Menzies, Lara Pulver",2016,91
Mother's Day,"Jennifer Aniston, Kate Hudson, Julia Roberts, Jason Sudeikis",2016,118
John Wick,"Keanu Reeves, Michael Nyqvist, Alfie Allen, Willem Dafoe",2014,101
The Dark Knight,"Christian Bale, Heath Ledger, Aaron Eckhart,Michael Caine",2008,152
Silence,"Andrew Garfield, Adam Driver, Liam Neeson,Tadanobu Asano",2016,161
Don't Breathe,"Stephen Lang, Jane Levy, Dylan Minnette, Daniel Zovatto",2016,88
Me Before You,"Emilia Clarke, Sam Claflin, Janet McTeer, Charles Dance",2016,106
Their Finest,"Gemma Arterton, Sam Claflin, Bill Nighy, Jack Huston",2016,117
Sully,"Tom Hanks, Aaron Eckhart, Laura Linney, Valerie Mahaffey",2016,96
Batman v Superman: Dawn of Justice,"Ben Affleck, Henry Cavill, Amy Adams, Jesse Eisenberg",2016,151
The Autopsy of Jane Doe,"Brian Cox, Emile Hirsch, Ophelia Lovibond, Michael McElhatton",2016,86
The Girl on the Train,"Emily Blunt, Haley Bennett, Rebecca Ferguson, Justin Theroux",2016,112
Fifty Shades of Grey,"Dakota Johnson, Jamie Dornan, Jennifer Ehle,Eloise Mumford",2015,125
The Prestige,"Christian Bale, Hugh Jackman, Scarlett Johansson, Michael Caine",2006,130
Kingsman: The Secret Service,"Colin Firth, Taron Egerton, Samuel L. Jackson,Michael Caine",2014,129
Patriots Day,"Mark Wahlberg, Michelle Monaghan, J.K. Simmons, John Goodman",2016,133
Mad Max: Fury Road,"Tom Hardy, Charlize Theron, Nicholas Hoult, Zoë Kravitz",2015,120
Wakefield,"Bryan Cranston, Jennifer Garner, Beverly D'Angelo,Jason O'Mara",2016,106
Deepwater Horizon,"Mark Wahlberg, Kurt Russell, Douglas M. Griffin, James DuMont",2016,107
The Promise,"Oscar Isaac, Charlotte Le Bon, Christian Bale, Daniel Giménez Cacho",2016,133
Allied,"Brad Pitt, Marion Cotillard, Jared Harris, Vincent Ebrahim",2016,124
A Monster Calls,"Lewis MacDougall, Sigourney Weaver, Felicity Jones,Toby Kebbell",2016,108
Collateral Beauty,"Will Smith, Edward Norton, Kate Winslet, Michael Peña",2016,97
Zootopia,"Ginnifer Goodwin, Jason Bateman, Idris Elba, Jenny Slate",2016,108
Pirates of the Caribbean: At World's End,"Johnny Depp, Orlando Bloom, Keira Knightley,Geoffrey Rush",2007,169
The Avengers,"Robert Downey Jr., Chris Evans, Scarlett Johansson,Jeremy Renner",2012,143
Inglourious Basterds,"Brad Pitt, Diane Kruger, Eli Roth,Mélanie Laurent",2009,153
Pirates of the Caribbean: Dead Man's Chest,"Johnny Depp, Orlando Bloom, Keira Knightley, Jack Davenport",2006,151
Ghostbusters,"Melissa McCarthy, Kristen Wiig, Kate McKinnon, Leslie Jones",2016,116
Inception,"Leonardo DiCaprio, Joseph Gordon-Levitt, Ellen Page, Ken Watanabe",2010,148
Captain Fantastic,"Viggo Mortensen, George MacKay, Samantha Isler,Annalise Basso",2016,118
The Wolf of Wall Street,"Leonardo DiCaprio, Jonah Hill, Margot Robbie,Matthew McConaughey",2013,180
Gone Girl,"Ben Affleck, Rosamund Pike, Neil Patrick Harris,Tyler Perry",2014,149
Furious Seven,"Vin Diesel, Paul Walker, Dwayne Johnson, Jason Statham",2015,137
Jurassic World,"Chris Pratt, Bryce Dallas Howard, Ty Simpkins,Judy Greer",2015,124
Live by Night,"Ben Affleck, Elle Fanning, Brendan Gleeson, Chris Messina",2016,129
Avatar,"Sam Worthington, Zoe Saldana, Sigourney Weaver, Michelle Rodriguez",2009,162
The Hateful Eight,"Samuel L. Jackson, Kurt Russell, Jennifer Jason Leigh, Walton Goggins",2015,187
The Accountant,"Ben Affleck, Anna Kendrick, J.K. Simmons, Jon Bernthal",2016,128
Prisoners,"Hugh Jackman, Jake Gyllenhaal, Viola Davis,Melissa Leo",2013,153
Warcraft,"Travis Fimmel, Paula Patton, Ben Foster, Dominic Cooper",2016,123
The Help,"Emma Stone, Viola Davis, Octavia Spencer, Bryce Dallas Howard",2011,146
War Dogs,"Jonah Hill, Miles Teller, Steve Lantz, Gregg Weiner",2016,114
Avengers: Age of Ultron,"Robert Downey Jr., Chris Evans, Mark Ruffalo, Chris Hemsworth",2015,141
The Nice Guys,"Russell Crowe, Ryan Gosling, Angourie Rice, Matt Bomer",2016,116
Kimi no na wa,"Ryûnosuke Kamiki, Mone Kamishiraishi, Ryô Narita, Aoi Yuki",2016,106
The Void,"Aaron Poole, Kenneth Welsh,Daniel Fathers, Kathleen Munroe",2016,90
Personal Shopper,"Kristen Stewart, Lars Eidinger, Sigrid Bouaziz,Anders Danielsen Lie",2016,105
The Departed,"Leonardo DiCaprio, Matt Damon, Jack Nicholson, Mark Wahlberg",2006,151
Legend,"Tom Hardy, Emily Browning, Taron Egerton, Paul Anderson",2015,132
Thor,"Chris Hemsworth, Anthony Hopkins, Natalie Portman, Tom Hiddleston",2011,115
The Martian,"Matt Damon, Jessica Chastain, Kristen Wiig, Kate Mara",2015,144
Contratiempo,"Mario Casas, Ana Wagener, José Coronado, Bárbara Lennie",2016,106
The Man from U.N.C.L.E.,"Henry Cavill, Armie Hammer, Alicia Vikander, Elizabeth Debicki",2015,116
Hell or High Water,"Chris Pine, Ben Foster, Jeff Bridges, Gil Birmingham",2016,102
The Comedian,"Robert De Niro, Leslie Mann, Danny DeVito, Edie Falco",2016,120
The Legend of Tarzan,"Alexander Skarsgård, Rory J. Saper, Christian Stevens, Christoph Waltz",2016,110
All We Had,"Eve Lindley, Richard Kind, Mark Consuelos, Katherine Reis",2016,105
Ex Machina,"Alicia Vikander, Domhnall Gleeson, Oscar Isaac,Sonoya Mizuno",2014,108
The Belko Experiment,"John Gallagher Jr., Tony Goldwyn, Adria Arjona, John C. McGinley",2016,89
12 Years a Slave,"Chiwetel Ejiofor, Michael Kenneth Williams, Michael Fassbender, Brad Pitt",2013,134
The Bad Batch,"Keanu Reeves, Jason Momoa, Jim Carrey, Diego Luna",2016,118
300,"Gerard Butler, Lena Headey, David Wenham, Dominic West",2006,117
Harry Potter and the Deathly Hallows: Part 2,"Daniel Radcliffe, Emma Watson, Rupert Grint, Michael Gambon",2011,130
Office Christmas Party,"Jason Bateman, Olivia Munn, T.J. Miller,Jennifer Aniston",2016,105
The Neon Demon,"Elle Fanning, Christina Hendricks, Keanu Reeves, Karl Glusman",2016,118
Dangal,"Aamir Khan, Sakshi Tanwar, Fatima Sana Shaikh,Sanya Malhotra",2016,161
10 Cloverfield Lane,"John Goodman, Mary Elizabeth Winstead, John Gallagher Jr., Douglas M. Griffin",2016,104
Finding Dory,"Ellen DeGeneres, Albert Brooks,Ed O'Neill, Kaitlin Olson",2016,97
Miss Peregrine's Home for Peculiar Children,"Eva Green, Asa Butterfield, Samuel L. Jackson, Judi Dench",2016,127
Divergent,"Shailene Woodley, Theo James, Kate Winslet, Jai Courtney",2014,139
Mike and Dave Need Wedding Dates,"Zac Efron, Adam Devine, Anna Kendrick, Aubrey Plaza",2016,98
Boyka: Undisputed IV,"Scott Adkins, Teodora Duhovnikova, Alon Aboutboul, Julian Vergov",2016,86
The Dark Knight Rises,"Christian Bale, Tom Hardy, Anne Hathaway,Gary Oldman",2012,164
The Jungle Book,"Neel Sethi, Bill Murray, Ben Kingsley, Idris Elba",2016,106
Transformers: Age of Extinction,"Mark Wahlberg, Nicola Peltz, Jack Reynor, Stanley Tucci",2014,165
Nerve,"Emma Roberts, Dave Franco, Emily Meade, Miles Heizer",2016,96
Mamma Mia!,"Meryl Streep, Pierce Brosnan, Amanda Seyfried,Stellan Skarsgård",2008,108
The Revenant,"Leonardo DiCaprio, Tom Hardy, Will Poulter, Domhnall Gleeson",2015,156
Fences,"Denzel Washington, Viola Davis, Stephen Henderson, Jovan Adepo",2016,139
Into the Woods,"Anna Kendrick, Meryl Streep, Chris Pine, Emily Blunt",2014,125
The Shallows,"Blake Lively, Óscar Jaenada, Angelo Josue Lozano Corzo, Brett Cullen",2016,86
Whiplash,"Miles Teller, J.K. Simmons, Melissa Benoist, Paul Reiser",2014,107
Furious 6,"Vin Diesel, Paul Walker, Dwayne Johnson, Michelle Rodriguez",2013,130
The Place Beyond the Pines,"Ryan Gosling, Bradley Cooper, Eva Mendes,Craig Van Hook",2012,140
No Country for Old Men,"Tommy Lee Jones, Javier Bardem, Josh Brolin, Woody Harrelson",2007,122
The Great Gatsby,"Leonardo DiCaprio, Carey Mulligan, Joel Edgerton,Tobey Maguire",2013,143
Shutter Island,"Leonardo DiCaprio, Emily Mortimer, Mark Ruffalo,Ben Kingsley",2010,138
Brimstone,"Dakota Fanning, Guy Pearce, Kit Harington,Carice van Houten",2016,148
Star Trek,"Chris Pine, Zachary Quinto, Simon Pegg, Leonard Nimoy",2009,127
Diary of a Wimpy Kid,"Zachary Gordon, Robert Capron, Rachael Harris,Steve Zahn",2010,94
The Big Short,"Christian Bale, Steve Carell, Ryan Gosling, Brad Pitt",2015,130
Room,"Brie Larson, Jacob Tremblay, Sean Bridgers,Wendy Crewson",2015,118
Django Unchained,"Jamie Foxx, Christoph Waltz, Leonardo DiCaprio,Kerry Washington",2012,165
Ah-ga-ssi,"Min-hee Kim, Jung-woo Ha, Jin-woong Jo, So-ri Moon",2016,144
The Edge of Seventeen,"Hailee Steinfeld, Haley Lu Richardson, Blake Jenner, Kyra Sedgwick",2016,104
Watchmen,"Jackie Earle Haley, Patrick Wilson, Carla Gugino,Malin Akerman",2009,162
Superbad,"Michael Cera, Jonah Hill, Christopher Mintz-Plasse, Bill Hader",2007,113
Inferno,"Tom Hanks, Felicity Jones, Irrfan Khan, Ben Foster",2016,121
The BFG,"Mark Rylance, Ruby Barnhill, Penelope Wilton,Jemaine Clement",2016,117
The Hunger Games,"Jennifer Lawrence, Josh Hutcherson, Liam Hemsworth,Stanley Tucci",2012,142
White Girl,"Morgan Saylor, Brian Marc, Justin Bartha, Adrian Martinez",2016,88
Sicario,"Emily Blunt, Josh Brolin, Benicio Del Toro, Jon Bernthal",2015,121
Twin Peaks: The Missing Pieces,"Chris Isaak, Kiefer Sutherland, C.H. Evans, Sandra Kinder",2014,91
Aliens vs Predator - Requiem,"Reiko Aylesworth, Steven Pasquale,Shareeka Epps, John Ortiz",2007,94
Pacific Rim,"Idris Elba, Charlie Hunnam, Rinko Kikuchi,Charlie Day",2013,131
"Crazy, Stupid, Love.","Steve Carell, Ryan Gosling, Julianne Moore, Emma Stone",2011,118
Scott Pilgrim vs. the World,"Michael Cera, Mary Elizabeth Winstead, Kieran Culkin, Alison Pill",2010,112
Hot Fuzz,"Simon Pegg, Nick Frost, Martin Freeman, Bill Nighy",2007,121
Mine,"Armie Hammer, Annabelle Wallis,Tom Cullen, Clint Dyer",2016,106
Free Fire,"Sharlto Copley, Brie Larson, Armie Hammer, Cillian Murphy",2016,90
X-Men: Days of Future Past,"Patrick Stewart, Ian McKellen, Hugh Jackman, James McAvoy",2014,132
Jack Reacher: Never Go Back,"Tom Cruise, Cobie Smulders, Aldis Hodge, Robert Knepper",2016,118
Casino Royale,"Daniel Craig, Eva Green, Judi Dench, Jeffrey Wright",2006,144
Twilight,"Kristen Stewart, Robert Pattinson, Billy Burke,Sarah Clarke",2008,122
Now You See Me 2,"Jesse Eisenberg, Mark Ruffalo, Woody Harrelson, Dave Franco",2016,129
Woman in Gold,"Helen Mirren, Ryan Reynolds, Daniel Brühl, Katie Holmes",2015,109
13 Hours,"John Krasinski, Pablo Schreiber, James Badge Dale,David Denman",2016,144
Spectre,"Daniel Craig, Christoph Waltz, Léa Seydoux, Ralph Fiennes",2015,148
Nightcrawler,"Jake Gyllenhaal, Rene Russo, Bill Paxton, Riz Ahmed",2014,118
Kubo and the Two Strings,"Charlize Theron, Art Parkinson, Matthew McConaughey, Ralph Fiennes",2016,101
Beyond the Gates,"Graham Skipper, Chase Williamson, Brea Grant,Barbara Crampton",2016,84
Her,"Joaquin Phoenix, Amy Adams, Scarlett Johansson,Rooney Mara",2013,126
Frozen,"Kristen Bell, Idina Menzel, Jonathan Groff, Josh Gad",2013,102
Tomorrowland,"George Clooney, Britt Robertson, Hugh Laurie, Raffey Cassidy",2015,130
Dawn of the Planet of the Apes,"Gary Oldman, Keri Russell, Andy Serkis, Kodi Smit-McPhee",2014,130
Tropic Thunder,"Ben Stiller, Jack Black, Robert Downey Jr., Jeff Kahn",2008,107
The Conjuring 2,"Vera Farmiga, Patrick Wilson, Madison Wolfe, Frances O'Connor",2016,134
Ant-Man,"Paul Rudd, Michael Douglas, Corey Stoll, Evangeline Lilly",2015,117
Bridget Jones's Baby,"Renée Zellweger, Gemma Jones, Jim Broadbent,Sally Phillips",2016,118
The VVitch: A New-England Folktale,"Anya Taylor-Joy, Ralph Ineson, Kate Dickie, Julian Richings",2015,92
Cinderella,"Lily James, Cate Blanchett, Richard Madden,Helena Bonham Carter",2015,105
Realive,"Tom Hughes, Charlotte Le Bon, Oona Chaplin, Barry Ward",2016,112
Forushande,"Taraneh Alidoosti, Shahab Hosseini, Babak Karimi,Farid Sajjadi Hosseini",2016,124
Love,"Aomi Muyock, Karl Glusman, Klara Kristin, Juan Saavedra",2015,135
Billy Lynn's Long Halftime Walk,"Joe Alwyn, Garrett Hedlund, Arturo Castro, Mason Lee",2016,113
Crimson Peak,"Mia Wasikowska, Jessica Chastain, Tom Hiddleston, Charlie Hunnam",2015,119
Drive,"Ryan Gosling, Carey Mulligan, Bryan Cranston, Albert Brooks",2011,100
Trainwreck,"Amy Schumer, Bill Hader, Brie Larson, Colin Quinn",2015,125
The Light Between Oceans,"Michael Fassbender, Alicia Vikander, Rachel Weisz, Florence Clery",2016,133
Below Her Mouth,"Erika Linder, Natalie Krill, Sebastian Pigott, Mayko Nguyen",2016,94
Spotlight,"Mark Ruffalo, Michael Keaton, Rachel McAdams, Liev Schreiber",2015,128
Morgan,"Kate Mara, Anya Taylor-Joy, Rose Leslie, Michael Yare",2016,92
Warrior,"Tom Hardy, Nick Nolte, Joel Edgerton, Jennifer Morrison",2011,140
Captain America: The First Avenger,"Chris Evans, Hugo Weaving, Samuel L. Jackson,Hayley Atwell",2011,124
Hacker,"Callan McAuliffe, Lorraine Nicholson, Daniel Eric Gold, Clifton Collins Jr.",2016,95
Into the Wild,"Emile Hirsch, Vince Vaughn, Catherine Keener, Marcia Gay Harden",2007,148
The Imitation Game,"Benedict Cumberbatch, Keira Knightley, Matthew Goode, Allen Leech",2014,114
Central Intelligence,"Dwayne Johnson, Kevin Hart, Danielle Nicolet, Amy Ryan",2016,107
Edge of Tomorrow,"Tom Cruise, Emily Blunt, Bill Paxton, Brendan Gleeson",2014,113
A Cure for Wellness,"Dane DeHaan, Jason Isaacs, Mia Goth, Ivo Nandi",2016,146
Snowden,"Joseph Gordon-Levitt, Shailene Woodley, Melissa Leo,Zachary Quinto",2016,134
Iron Man,"Robert Downey Jr., Gwyneth Paltrow, Terrence Howard, Jeff Bridges",2008,126
Allegiant,"Shailene Woodley, Theo James, Jeff Daniels,Naomi Watts",2016,120
X: First Class,"James McAvoy, Michael Fassbender, Jennifer Lawrence, Kevin Bacon",2011,132
Raw (II),"Garance Marillier, Ella Rumpf, Rabah Nait Oufella,Laurent Lucas",2016,99
Paterson,"Adam Driver, Golshifteh Farahani, Nellie, Rizwan Manji",2016,118
Bridesmaids,"Kristen Wiig, Maya Rudolph, Rose Byrne, Terry Crews",2011,125
The Girl with All the Gifts,"Gemma Arterton, Glenn Close, Dominique Tipper,Paddy Considine",2016,111
San Andreas,"Dwayne Johnson, Carla Gugino, Alexandra Daddario,Colton Haynes",2015,114
Spring Breakers,"Vanessa Hudgens, Selena Gomez, Ashley Benson,Rachel Korine",2012,94
Transformers,"Shia LaBeouf, Megan Fox, Josh Duhamel, Tyrese Gibson",2007,144
Old Boy,"Josh Brolin, Elizabeth Olsen, Samuel L. Jackson, Sharlto Copley",2013,104
Thor: The Dark World,"Chris Hemsworth, Natalie Portman, Tom Hiddleston,Stellan Skarsgård",2013,112
Gods of Egypt,"Brenton Thwaites, Nikolaj Coster-Waldau, Gerard Butler, Chadwick Boseman",2016,126
Captain America: The Winter Soldier,"Chris Evans, Samuel L. Jackson,Scarlett Johansson, Robert Redford",2014,136
Monster Trucks,"Lucas Till, Jane Levy, Thomas Lennon, Barry Pepper",2016,104
A Dark Song,"Mark Huberman, Susan Loughnane, Steve Oram,Catherine Walker",2016,100
Kick-Ass,"Aaron Taylor-Johnson, Nicolas Cage, Chloë Grace Moretz, Garrett M. Brown",2010,117
Hardcore Henry,"Sharlto Copley, Tim Roth, Haley Bennett, Danila Kozlovsky",2015,96
Cars,"Owen Wilson, Bonnie Hunt, Paul Newman, Larry the Cable Guy",2006,117
It Follows,"Maika Monroe, Keir Gilchrist, Olivia Luccardi,Lili Sepe",2014,100
The Girl with the Dragon Tattoo,"Daniel Craig, Rooney Mara, Christopher Plummer,Stellan Skarsgård",2011,158
We're the Millers,"Jason Sudeikis, Jennifer Aniston, Emma Roberts, Ed Helms",2013,110
American Honey,"Sasha Lane, Shia LaBeouf, Riley Keough, McCaul Lombardi",2016,163
The Lobster,"Colin Farrell, Rachel Weisz, Jessica Barden,Olivia Colman",2015,119
Predators,"Adrien Brody, Laurence Fishburne, Topher Grace,Alice Braga",2010,107
Maleficent,"Angelina Jolie, Elle Fanning, Sharlto Copley,Lesley Manville",2014,97
Rupture,"Noomi Rapace, Michael Chiklis, Kerry Bishé,Peter Stormare",2016,102
Pan's Labyrinth,"Ivana Baquero, Ariadna Gil, Sergi López,Maribel Verdú",2006,118
A Kind of Murder,"Patrick Wilson, Jessica Biel, Haley Bennett, Vincent Kartheiser",2016,95
Apocalypto,"Gerardo Taracena, Raoul Max Trujillo, Dalia Hernández,Rudy Youngblood",2006,139
Mission: Impossible - Rogue Nation,"Tom Cruise, Rebecca Ferguson, Jeremy Renner, Simon Pegg",2015,131
The Huntsman: Winter's War,"Chris Hemsworth, Jessica Chastain, Charlize Theron, Emily Blunt",2016,114
The Perks of Being a Wallflower,"Logan Lerman, Emma Watson, Ezra Miller, Paul Rudd",2012,102
Jackie,"Natalie Portman, Peter Sarsgaard, Greta Gerwig,Billy Crudup",2016,100
The Disappointments Room,"Kate Beckinsale, Mel Raido, Duncan Joiner, Lucas Till",2016,85
The Grand Budapest Hotel,"Ralph Fiennes, F. Murray Abraham, Mathieu Amalric,Adrien Brody",2014,99
The Host,"Saoirse Ronan, Max Irons, Jake Abel, Diane Kruger",2013,125
Fury,"Brad Pitt, Shia LaBeouf, Logan Lerman, Michael Peña",2014,134
Inside Out,"Amy Poehler, Bill Hader, Lewis Black, Mindy Kaling",2015,95
Rock Dog,"Luke Wilson, Eddie Izzard, J.K. Simmons, Lewis Black",2016,90
Terminator Genisys,"Arnold Schwarzenegger, Jason Clarke, Emilia Clarke,Jai Courtney",2015,126
Percy Jackson & the Olympians: The Lightning Thief,"Logan Lerman, Kevin McKidd, Steve Coogan,Brandon T. Jackson",2010,118
Les Misérables,"Hugh Jackman, Russell Crowe, Anne Hathaway,Amanda Seyfried",2012,158
Children of Men,"Julianne Moore, Clive Owen, Chiwetel Ejiofor,Michael Caine",2006,109
20th Century Women,"Annette Bening, Elle Fanning, Greta Gerwig, Billy Crudup",2016,119
Spy,"Melissa McCarthy, Rose Byrne, Jude Law, Jason Statham",2015,119
The Intouchables,"François Cluzet, Omar Sy, Anne Le Ny, Audrey Fleurot",2011,112
Bonjour Anne,"Diane Lane, Alec Baldwin, Arnaud Viard, Linda Gegusch",2016,92
Kynodontas,"Christos Stergioglou, Michele Valley, Angeliki Papoulia, Hristos Passalis",2009,94
Straight Outta Compton,"O'Shea Jackson Jr., Corey Hawkins, Jason Mitchell,Neil Brown Jr.",2015,147
The Amazing Spider-Man 2,"Andrew Garfield, Emma Stone, Jamie Foxx, Paul Giamatti",2014,142
The Conjuring,"Patrick Wilson, Vera Farmiga, Ron Livingston, Lili Taylor",2013,112
The Hangover,"Zach Galifianakis, Bradley Cooper, Justin Bartha, Ed Helms",2009,100
Battleship,"Alexander Skarsgård, Brooklyn Decker, Liam Neeson,Rihanna",2012,131
Rise of the Planet of the Apes,"James Franco, Andy Serkis, Freida Pinto, Karin Konoval",2011,105
Lights Out,"Teresa Palmer, Gabriel Bateman, Maria Bello,Billy Burke",2016,81
Norman: The Moderate Rise and Tragic Fall of a New York Fixer,"Richard Gere, Lior Ashkenazi, Michael Sheen,Charlotte Gainsbourg",2016,118
Birdman or (The Unexpected Virtue of Ignorance),"Michael Keaton, Zach Galifianakis,Edward Norton, Andrea Riseborough",2014,119
Black Swan,"Natalie Portman, Mila Kunis, Vincent Cassel,Winona Ryder",2010,108
Dear White People,"Tyler James Williams, Tessa Thompson, Kyle Gallner,Teyonah Parris",2014,108
Nymphomaniac: Vol. I,"Charlotte Gainsbourg, Stellan Skarsgård, Stacy Martin, Shia LaBeouf",2013,117
Teenage Mutant Ninja Turtles: Out of the Shadows,"Megan Fox, Will Arnett, Tyler Perry, Laura Linney",2016,112
Knock Knock,"Keanu Reeves, Lorenza Izzo, Ana de Armas, Aaron Burns",2015,99
Dirty Grandpa,"Robert De Niro, Zac Efron, Zoey Deutch, Aubrey Plaza",2016,102
Cloud Atlas,"Tom Hanks, Halle Berry, Hugh Grant, Hugo Weaving",2012,172
X-Men Origins: Wolverine,"Hugh Jackman, Liev Schreiber, Ryan Reynolds, Danny Huston",2009,107
Satanic,"Sarah Hyland, Steven Krueger, Justin Chon, Clara Mamet",2016,85
Skyfall,"Daniel Craig, Javier Bardem, Naomie Harris, Judi Dench",2012,143
The Hobbit: An Unexpected Journey,"Martin Freeman, Ian McKellen, Richard Armitage,Andy Serkis",2012,169
21 Jump Street,"Jonah Hill, Channing Tatum, Ice Cube,Brie Larson",2012,110
Sing Street,"Ferdia Walsh-Peelo, Aidan Gillen, Maria Doyle Kennedy, Jack Reynor",2016,106
Ballerina,"Elle Fanning, Dane DeHaan, Carly Rae Jepsen, Maddie Ziegler",2016,89
Oblivion,"Tom Cruise, Morgan Freeman, Andrea Riseborough, Olga Kurylenko",2013,124
22 Jump Street,"Channing Tatum, Jonah Hill, Ice Cube,Nick Offerman",2014,112
Zodiac,"Jake Gyllenhaal, Robert Downey Jr., Mark Ruffalo,Anthony Edwards",2007,157
Everybody Wants Some!!,"Blake Jenner, Tyler Hoechlin, Ryan Guzman,Zoey Deutch",2016,117
Iron Man Three,"Robert Downey Jr., Guy Pearce, Gwyneth Paltrow,Don Cheadle",2013,130
Now You See Me,"Jesse Eisenberg, Common, Mark Ruffalo, Woody Harrelson",2013,115
Sherlock Holmes,"Robert Downey Jr., Jude Law, Rachel McAdams, Mark Strong",2009,128
Death Proof,"Kurt Russell, Zoë Bell, Rosario Dawson, Vanessa Ferlito",2007,113
The Danish Girl,"Eddie Redmayne, Alicia Vikander, Amber Heard, Ben Whishaw",2015,119
Hercules,"Dwayne Johnson, John Hurt, Ian McShane, Joseph Fiennes",2014,98
Sucker Punch,"Emily Browning, Vanessa Hudgens, Abbie Cornish,Jena Malone",2011,110
Keeping Up with the Joneses,"Zach Galifianakis, Isla Fisher, Jon Hamm, Gal Gadot",2016,105
Jupiter Ascending,"Channing Tatum, Mila Kunis,Eddie Redmayne, Sean Bean",2015,127
Masterminds,"Zach Galifianakis, Kristen Wiig, Owen Wilson, Ross Kimball",2016,95
Iris,"Romain Duris, Charlotte Le Bon, Jalil Lespert, Camille Cottin",2016,99
Busanhaeng,"Yoo Gong, Soo-an Kim, Yu-mi Jung, Dong-seok Ma",2016,118
Pitch Perfect,"Anna Kendrick, Brittany Snow, Rebel Wilson, Anna Camp",2012,112
Neighbors 2: Sorority Rising,"Seth Rogen, Rose Byrne, Zac Efron, Chloë Grace Moretz",2016,92
The Exception,"Lily James, Jai Courtney, Christopher Plummer, Loïs van Wijk",2016,107
Man of Steel,"Henry Cavill, Amy Adams, Michael Shannon, Diane Lane",2013,143
The Choice,"Benjamin Walker, Teresa Palmer, Alexandra Daddario,Maggie Grace",2016,111
Ice Age: Collision Course,"Ray Romano, Denis Leary, John Leguizamo, Chris Wedge",2016,94
The Devil Wears Prada,"Anne Hathaway, Meryl Streep, Adrian Grenier, Emily Blunt",2006,109
The Infiltrator,"Bryan Cranston, John Leguizamo, Diane Kruger, Amy Ryan",2016,127
There Will Be Blood,"Daniel Day-Lewis, Paul Dano, Ciarán Hinds,Martin Stringer",2007,158
The Equalizer,"Denzel Washington, Marton Csokas, Chloë Grace Moretz, David Harbour",2014,132
Lone Survivor,"Mark Wahlberg, Taylor Kitsch, Emile Hirsch, Ben Foster",2013,121
The Cabin in the Woods,"Kristen Connolly, Chris Hemsworth, Anna Hutchison,Fran Kranz",2012,95
The House Bunny,"Anna Faris, Colin Hanks, Emma Stone, Kat Dennings",2008,97
She's Out of My League,"Jay Baruchel, Alice Eve, T.J. Miller, Mike Vogel",2010,104
Inherent Vice,"Joaquin Phoenix, Josh Brolin, Owen Wilson,Katherine Waterston",2014,148
Alice Through the Looking Glass,"Mia Wasikowska, Johnny Depp, Helena Bonham Carter, Anne Hathaway",2016,113
Vincent N Roxxy,"Emile Hirsch, Zoë Kravitz, Zoey Deutch,Emory Cohen",2016,110
The Fast and the Furious: Tokyo Drift,"Lucas Black, Zachery Ty Bryan, Shad Moss, Damien Marzette",2006,104
How to Be Single,"Dakota Johnson, Rebel Wilson, Leslie Mann, Alison Brie",2016,110
The Blind Side,"Quinton Aaron, Sandra Bullock, Tim McGraw,Jae Head",2009,129
La vie d'Adèle,"Léa Seydoux, Adèle Exarchopoulos, Salim Kechiouche, Aurélien Recoing",2013,180
The Babadook,"Essie Davis, Noah Wiseman, Daniel Henshall, Hayley McElhinney",2014,93
The Hobbit: The Battle of the Five Armies,"Ian McKellen, Martin Freeman, Richard Armitage,Cate Blanchett",2014,144
Harry Potter and the Order of the Phoenix,"Daniel Radcliffe, Emma Watson, Rupert Grint, Brendan Gleeson",2007,138
Snowpiercer,"Chris Evans, Jamie Bell, Tilda Swinton, Ed Harris",2013,126
The 5th Wave,"Chloë Grace Moretz, Matthew Zuk, Gabriela Lopez,Bailey Anne Borders",2016,112
The Stakelander,"Connor Paolo, Nick Damici, Laura Abramsen, A.C. Peterson",2016,81
The Visit,"Olivia DeJonge, Ed Oxenbould, Deanna Dunagan, Peter McRobbie",2015,94
Fast Five,"Vin Diesel, Paul Walker, Dwayne Johnson, Jordana Brewster",2011,131
Step Up,"Channing Tatum, Jenna Dewan Tatum, Damaine Radcliff, De'Shawn Washington",2006,104
Lovesong,"Riley Keough, Jena Malone, Jessie Ok Gray, Cary Joji Fukunaga",2016,84
RocknRolla,"Gerard Butler, Tom Wilkinson, Idris Elba, Thandie Newton",2008,114
In Time,"Justin Timberlake, Amanda Seyfried, Cillian Murphy,Olivia Wilde",2011,109
The Social Network,"Jesse Eisenberg, Andrew Garfield, Justin Timberlake,Rooney Mara",2010,120
The Last Witch Hunter,"Vin Diesel, Rose Leslie, Elijah Wood, Ólafur Darri Ólafsson",2015,106
Victor Frankenstein,"Daniel Radcliffe, James McAvoy, Jessica Brown Findlay, Andrew Scott",2015,110
A Street Cat Named Bob,"Luke Treadaway, Bob the Cat, Ruta Gedmintas, Joanne Froggatt",2016,103
Green Room,"Anton Yelchin, Imogen Poots, Alia Shawkat,Patrick Stewart",2015,95
Blackhat,"Chris Hemsworth, Viola Davis, Wei Tang, Leehom Wang",2015,133
Storks,"Andy Samberg, Katie Crown,Kelsey Grammer, Jennifer Aniston",2016,87
American Sniper,"Bradley Cooper, Sienna Miller, Kyle Gallner, Cole Konis",2014,133
Dallas Buyers Club,"Matthew McConaughey, Jennifer Garner, Jared Leto, Steve Zahn",2013,117
Lincoln,"Daniel Day-Lewis, Sally Field, David Strathairn,Joseph Gordon-Levitt",2012,150
Rush,"Daniel Brühl, Chris Hemsworth, Olivia Wilde,Alexandra Maria Lara",2013,123
Before I Wake,"Kate Bosworth, Thomas Jane, Jacob Tremblay,Annabeth Gish",2016,97
Silver Linings Playbook,"Bradley Cooper, Jennifer Lawrence, Robert De Niro, Jacki Weaver",2012,122
Tracktown,"Alexi Pappas, Chase Offerle, Rachel Dratch, Andy Buckley",2016,88
The Fault in Our Stars,"Shailene Woodley, Ansel Elgort, Nat Wolff, Laura Dern",2014,126
Blended,"Adam Sandler, Drew Barrymore, Wendi McLendon-Covey, Kevin Nealon",2014,117
Fast & Furious,"Vin Diesel, Paul Walker, Michelle Rodriguez, Jordana Brewster",2009,107
Looper,"Joseph Gordon-Levitt, Bruce Willis, Emily Blunt, Paul Dano",2012,119
White House Down,"Channing Tatum, Jamie Foxx, Maggie Gyllenhaal,Jason Clarke",2013,131
Pete's Dragon,"Bryce Dallas Howard, Robert Redford, Oakes Fegley,Oona Laurence",2016,102
Spider-Man 3,"Tobey Maguire, Kirsten Dunst, Topher Grace, Thomas Haden Church",2007,139
The Three Musketeers,"Logan Lerman, Matthew Macfadyen, Ray Stevenson, Milla Jovovich",2011,110
Stardust,"Charlie Cox, Claire Danes, Sienna Miller, Ian McKellen",2007,127
American Hustle,"Christian Bale, Amy Adams, Bradley Cooper,Jennifer Lawrence",2013,138
Jennifer's Body,"Megan Fox, Amanda Seyfried, Adam Brody, Johnny Simmons",2009,102
Midnight in Paris,"Owen Wilson, Rachel McAdams, Kathy Bates, Kurt Fuller",2011,94
Lady Macbeth,"Florence Pugh, Christopher Fairbank, Cosmo Jarvis, Naomi Ackie",2016,89
Joy,"Jennifer Lawrence, Robert De Niro, Bradley Cooper, Edgar Ramírez",2015,124
The Dressmaker,"Kate Winslet, Judy Davis, Liam Hemsworth,Hugo Weaving",2015,119
Café Society,"Jesse Eisenberg, Kristen Stewart, Steve Carell, Blake Lively",2016,96
Insurgent,"Shailene Woodley, Ansel Elgort, Theo James,Kate Winslet",2015,119
Seventh Son,"Ben Barnes, Julianne Moore, Jeff Bridges, Alicia Vikander",2014,102
Demain tout commence,"Omar Sy, Clémence Poésy, Antoine Bertrand, Ashley Walters",2016,118
The Theory of Everything,"Eddie Redmayne, Felicity Jones, Tom Prior, Sophie Perry",2014,123
This Is the End,"James Franco, Jonah Hill, Seth Rogen,Jay Baruchel",2013,107
About Time,"Domhnall Gleeson, Rachel McAdams, Bill Nighy,Lydia Wilson",2013,123
Step Brothers,"Will Ferrell, John C. Reilly, Mary Steenburgen,Richard Jenkins",2008,98
Clown,"Andy Powers, Laura Allen, Peter Stormare, Christian Distefano",2014,100
Star Trek Into Darkness,"Chris Pine, Zachary Quinto, Zoe Saldana, Benedict Cumberbatch",2013,132
Zombieland,"Jesse Eisenberg, Emma Stone, Woody Harrelson,Abigail Breslin",2009,88
"Hail, Caesar!","Josh Brolin, George Clooney, Alden Ehrenreich, Ralph Fiennes",2016,106
Slumdog Millionaire,"Dev Patel, Freida Pinto, Saurabh Shukla, Anil Kapoor",2008,120
The Twilight Saga: Breaking Dawn - Part 2,"Kristen Stewart, Robert Pattinson, Taylor Lautner, Peter Facinelli",2012,115
American Wrestler: The Wizard,"William Fichtner, Jon Voight, Lia Marie Johnson,Gabriel Basso",2016,117
The Amazing Spider-Man,"Andrew Garfield, Emma Stone, Rhys Ifans, Irrfan Khan",2012,136
Ben-Hur,"Jack Huston, Toby Kebbell, Rodrigo Santoro,Nazanin Boniadi",2016,123
Sleight,"Jacob Latimore, Seychelle Gabriel, Dulé Hill, Storm Reid",2016,89
The Maze Runner,"Dylan O'Brien, Kaya Scodelario, Will Poulter, Thomas Brodie-Sangster",2014,113
Criminal,"Kevin Costner, Ryan Reynolds, Gal Gadot, Gary Oldman",2016,113
Wanted,"Angelina Jolie, James McAvoy, Morgan Freeman, Terence Stamp",2008,110
Florence Foster Jenkins,"Meryl Streep, Hugh Grant, Simon Helberg, Rebecca Ferguson",2016,111
Collide,"Nicholas Hoult, Felicity Jones, Anthony Hopkins, Ben Kingsley",2016,99
Black Mass,"Johnny Depp, Benedict Cumberbatch, Dakota Johnson, Joel Edgerton",2015,123
Creed,"Michael B. Jordan, Sylvester Stallone, Tessa Thompson, Phylicia Rashad",2015,133
Swiss Army Man,"Paul Dano, Daniel Radcliffe, Mary Elizabeth Winstead, Antonia Ribero",2016,97
The Expendables 3,"Sylvester Stallone, Jason Statham, Jet Li, Antonio Banderas",2014,126
What We Do in the Shadows,"Jemaine Clement, Taika Waititi,Cori Gonzalez-Macuer, Jonny Brugh",2014,86
Southpaw,"Jake Gyllenhaal, Rachel McAdams, Oona Laurence,Forest Whitaker",2015,124
Hush,"John Gallagher Jr., Kate Siegel, Michael Trucco,Samantha Sloyan",2016,81
Bridge of Spies,"Tom Hanks, Mark Rylance, Alan Alda, Amy Ryan",2015,142
The Lego Movie,"Chris Pratt, Will Ferrell, Elizabeth Banks, Will Arnett",2014,100
Everest,"Jason Clarke, Ang Phula Sherpa, Thomas M. Wright, Martin Henderson",2015,121
Pixels,"Adam Sandler, Kevin James, Michelle Monaghan,Peter Dinklage",2015,105
Robin Hood,"Russell Crowe, Cate Blanchett, Matthew Macfadyen,Max von Sydow",2010,140
The Wolverine,"Hugh Jackman, Will Yun Lee, Tao Okamoto, Rila Fukushima",2013,126
John Carter,"Taylor Kitsch, Lynn Collins, Willem Dafoe,Samantha Morton",2012,132
Keanu,"Keegan-Michael Key, Jordan Peele, Tiffany Haddish,Method Man",2016,100
The Gunman,"Sean Penn, Idris Elba, Jasmine Trinca, Javier Bardem",2015,115
Steve Jobs,"Michael Fassbender, Kate Winslet, Seth Rogen, Jeff Daniels",2015,122
Whisky Galore,"Tim Pigott-Smith, Naomi Battrick, Ellie Kendrick,James Cosmo",2016,98
Grown Ups 2,"Adam Sandler, Kevin James, Chris Rock, David Spade",2013,101
The Age of Adaline,"Blake Lively, Michiel Huisman, Harrison Ford,Kathy Baker",2015,112
The Incredible Hulk,"Edward Norton, Liv Tyler, Tim Roth, William Hurt",2008,112
Couples Retreat,"Vince Vaughn, Malin Akerman, Jon Favreau, Jason Bateman",2009,113
Absolutely Anything,"Simon Pegg, Kate Beckinsale, Sanjeev Bhaskar, Rob Riggle",2015,85
Magic Mike,"Channing Tatum, Alex Pettyfer, Olivia Munn,Matthew McConaughey",2012,110
Minions,"Sandra Bullock, Jon Hamm, Michael Keaton, Pierre Coffin",2015,91
The Black Room,"Natasha Henstridge, Lukas Hassel, Lin Shaye,Dominique Swain",2016,91
Bronson,"Tom Hardy, Kelly Adams, Luing Andrews,Katy Barker",2008,92
Despicable Me,"Steve Carell, Jason Segel, Russell Brand, Julie Andrews",2010,95
The Best of Me,"James Marsden, Michelle Monaghan, Luke Bracey,Liana Liberato",2014,118
The Invitation,"Logan Marshall-Green, Emayatzy Corinealdi, Michiel Huisman, Tammy Blanchard",2015,100
Zero Dark Thirty,"Jessica Chastain, Joel Edgerton, Chris Pratt, Mark Strong",2012,157
Tangled,"Mandy Moore, Zachary Levi, Donna Murphy, Ron Perlman",2010,100
The Hunger Games: Mockingjay - Part 2,"Jennifer Lawrence, Josh Hutcherson, Liam Hemsworth, Woody Harrelson",2015,137
Vacation,"Ed Helms, Christina Applegate, Skyler Gisondo, Steele Stebbins",2015,99
Taken,"Liam Neeson, Maggie Grace, Famke Janssen, Leland Orser",2008,93
Pitch Perfect 2,"Anna Kendrick, Rebel Wilson, Hailee Steinfeld,Brittany Snow",2015,115
Monsters University,"Billy Crystal, John Goodman, Steve Buscemi, Helen Mirren",2013,104
Elle,"Isabelle Huppert, Laurent Lafitte, Anne Consigny,Charles Berling",2016,130
Mechanic: Resurrection,"Jason Statham, Jessica Alba, Tommy Lee Jones,Michelle Yeoh",2016,98
Tusk,"Justin Long, Michael Parks, Haley Joel Osment,Genesis Rodriguez",2014,102
The Headhunter's Calling,"Alison Brie, Gerard Butler, Willem Dafoe, Gretchen Mol",2016,108
Atonement,"Keira Knightley, James McAvoy, Brenda Blethyn,Saoirse Ronan",2007,123
Harry Potter and the Deathly Hallows: Part 1,"Daniel Radcliffe, Emma Watson, Rupert Grint, Bill Nighy",2010,146
Shame,"Michael Fassbender, Carey Mulligan, James Badge Dale, Lucy Walters",2011,101
Hanna,"Saoirse Ronan, Cate Blanchett, Eric Bana, Vicky Krieps",2011,111
The Babysitters,"Lauren Birkell, Paul Borghese, Chira Cassel, Anthony Cirillo",2007,88
Pride and Prejudice and Zombies,"Lily James, Sam Riley, Jack Huston, Bella Heathcote",2016,108
300: Rise of an Empire,"Sullivan Stapleton, Eva Green, Lena Headey, Hans Matheson",2014,102
London Has Fallen,"Gerard Butler, Aaron Eckhart, Morgan Freeman,Angela Bassett",2016,99
The Curious Case of Benjamin Button,"Brad Pitt, Cate Blanchett, Tilda Swinton, Julia Ormond",2008,166
Sin City: A Dame to Kill For,"Mickey Rourke, Jessica Alba, Josh Brolin, Joseph Gordon-Levitt",2014,102
The Bourne Ultimatum,"Matt Damon, Edgar Ramírez, Joan Allen, Julia Stiles",2007,115
Srpski film,"Srdjan 'Zika' Todorovic, Sergej Trifunovic,Jelena Gavrilovic, Slobodan Bestic",2010,104
The Purge: Election Year,"Frank Grillo, Elizabeth Mitchell, Mykelti Williamson, Joseph Julian Soria",2016,109
3 Idiots,"Aamir Khan, Madhavan, Mona Singh, Sharman Joshi",2009,170
Zoolander 2,"Ben Stiller, Owen Wilson, Penélope Cruz, Will Ferrell",2016,102
World War Z,"Brad Pitt, Mireille Enos, Daniella Kertesz, James Badge Dale",2013,116
Mission: Impossible - Ghost Protocol,"Tom Cruise, Jeremy Renner, Simon Pegg, Paula Patton",2011,132
Let Me Make You a Martyr,"Marilyn Manson, Mark Boone Junior, Sam Quartin, Niko Nicotera",2016,102
Filth,"James McAvoy, Jamie Bell, Eddie Marsan, Imogen Poots",2013,97
The Longest Ride,"Scott Eastwood, Britt Robertson, Alan Alda, Jack Huston",2015,123
The imposible,"Naomi Watts, Ewan McGregor, Tom Holland, Oaklee Pendergast",2012,114
Kick-Ass 2,"Aaron Taylor-Johnson, Chloë Grace Moretz,Christopher Mintz-Plasse, Jim Carrey",2013,103
Folk Hero & Funny Guy,"Alex Karpovsky, Wyatt Russell, Meredith Hagner,Melanie Lynskey",2016,88
Oz the Great and Powerful,"James Franco, Michelle Williams, Rachel Weisz, Mila Kunis",2013,130
Brooklyn,"Saoirse Ronan, Emory Cohen, Domhnall Gleeson,Jim Broadbent",2015,117
Coraline,"Dakota Fanning, Teri Hatcher, John Hodgman, Jennifer Saunders",2009,100
Blue Valentine,"Ryan Gosling, Michelle Williams, John Doman,Faith Wladyka",2010,112
The Thinning,"Logan Paul, Peyton List, Lia Marie Johnson,Calum Worthy",2016,81
Silent Hill,"Radha Mitchell, Laurie Holden, Sean Bean,Deborah Kara Unger",2006,125
Dredd,"Karl Urban, Olivia Thirlby, Lena Headey, Rachel Wood",2012,95
Hunt for the Wilderpeople,"Sam Neill, Julian Dennison, Rima Te Wiata, Rachel House",2016,101
Big Hero 6,"Ryan Potter, Scott Adsit, Jamie Chung,T.J. Miller",2014,102
Carrie,"Chloë Grace Moretz, Julianne Moore, Gabriella Wilde, Portia Doubleday",2013,100
Iron Man 2,"Robert Downey Jr., Mickey Rourke, Gwyneth Paltrow,Don Cheadle",2010,124
Demolition,"Jake Gyllenhaal, Naomi Watts, Chris Cooper,Judah Lewis",2015,101
Pandorum,"Dennis Quaid, Ben Foster, Cam Gigandet, Antje Traue",2009,108
Olympus Has Fallen,"Gerard Butler, Aaron Eckhart, Morgan Freeman,Angela Bassett",2013,119
I Am Number Four,"Alex Pettyfer, Timothy Olyphant, Dianna Agron, Teresa Palmer",2011,109
Jagten,"Mads Mikkelsen, Thomas Bo Larsen, Annika Wedderkopp, Lasse Fogelstrøm",2012,115
The Proposal,"Sandra Bullock, Ryan Reynolds, Mary Steenburgen,Craig T. Nelson",2009,108
Get Hard,"Will Ferrell, Kevin Hart, Alison Brie, T.I.",2015,100
Just Go with It,"Adam Sandler, Jennifer Aniston, Brooklyn Decker,Nicole Kidman",2011,117
Revolutionary Road,"Leonardo DiCaprio, Kate Winslet, Christopher Fitzgerald, Jonathan Roumie",2008,119
The Town,"Ben Affleck, Rebecca Hall, Jon Hamm, Jeremy Renner",2010,125
The Boy,"Lauren Cohan, Rupert Evans, James Russell, Jim Norton",2016,97
Denial,"Rachel Weisz, Tom Wilkinson, Timothy Spall, Andrew Scott",2016,109
Predestination,"Ethan Hawke, Sarah Snook, Noah Taylor, Madeleine West",2014,97
Goosebumps,"Jack Black, Dylan Minnette, Odeya Rush, Ryan Lee",2015,103
Sherlock Holmes: A Game of Shadows,"Robert Downey Jr., Jude Law, Jared Harris, Rachel McAdams",2011,129
Salt,"Angelina Jolie, Liev Schreiber, Chiwetel Ejiofor, Daniel Olbrychski",2010,100
Enemy,"Jake Gyllenhaal, Mélanie Laurent, Sarah Gadon,Isabella Rossellini",2013,91
District 9,"Sharlto Copley, David James, Jason Cope, Nathalie Boltt",2009,112
The Other Guys,"Will Ferrell, Mark Wahlberg, Derek Jeter, Eva Mendes",2010,107
American Gangster,"Denzel Washington, Russell Crowe, Chiwetel Ejiofor,Josh Brolin",2007,157
Marie Antoinette,"Kirsten Dunst, Jason Schwartzman, Rip Torn, Judy Davis",2006,123
2012,"John Cusack, Thandie Newton, Chiwetel Ejiofor,Amanda Peet",2009,158
Harry Potter and the Half-Blood Prince,"Daniel Radcliffe, Emma Watson, Rupert Grint, Michael Gambon",2009,153
Argo,"Ben Affleck, Bryan Cranston, John Goodman, Alan Arkin",2012,120
Eddie the Eagle,"Taron Egerton, Hugh Jackman, Tom Costello, Jo Hartley",2016,106
The Lives of Others,"Ulrich Mühe, Martina Gedeck,Sebastian Koch, Ulrich Tukur",2006,137
Pet,"Dominic Monaghan, Ksenia Solo, Jennette McCurdy,Da'Vone McDonald",2016,94
Paint It Black,"Alia Shawkat, Nancy Kwan, Annabelle Attanasio,Alfred Molina",2016,96
Macbeth,"Michael Fassbender, Marion Cotillard, Jack Madigan,Frank Madigan",2015,113
Forgetting Sarah Marshall,"Kristen Bell, Jason Segel, Paul Rudd, Mila Kunis",2008,111
The Giver,"Brenton Thwaites, Jeff Bridges, Meryl Streep, Taylor Swift",2014,97
Triple 9,"Casey Affleck, Chiwetel Ejiofor, Anthony Mackie,Aaron Paul",2016,115
Perfetti sconosciuti,"Giuseppe Battiston, Anna Foglietta, Marco Giallini,Edoardo Leo",2016,97
Angry Birds,"Jason Sudeikis, Josh Gad, Danny McBride, Maya Rudolph",2016,97
Moonrise Kingdom,"Jared Gilman, Kara Hayward, Bruce Willis, Bill Murray",2012,94
Hairspray,"John Travolta, Queen Latifah, Nikki Blonsky,Michelle Pfeiffer",2007,117
Safe Haven,"Julianne Hough, Josh Duhamel, Cobie Smulders,David Lyons",2013,115
Focus,"Will Smith, Margot Robbie, Rodrigo Santoro, Adrian Martinez",2015,105
Ratatouille,"Brad Garrett, Lou Romano, Patton Oswalt,Ian Holm",2007,111
Stake Land,"Connor Paolo, Nick Damici, Kelly McGillis, Gregory Jones",2010,98
The Book of Eli,"Denzel Washington, Mila Kunis, Ray Stevenson, Gary Oldman",2010,118
Cloverfield,"Mike Vogel, Jessica Lucas, Lizzy Caplan, T.J. Miller",2008,85
Point Break,"Edgar Ramírez, Luke Bracey, Ray Winstone, Teresa Palmer",2015,114
Under the Skin,"Scarlett Johansson, Jeremy McWilliams, Lynsey Taylor Mackay, Dougie McConnell",2013,108
I Am Legend,"Will Smith, Alice Braga, Charlie Tahan, Salli Richardson-Whitfield",2007,101
Men in Black 3,"Will Smith, Tommy Lee Jones, Josh Brolin,Jemaine Clement",2012,106
Super 8,"Elle Fanning, AJ Michalka, Kyle Chandler, Joel Courtney",2011,112
Law Abiding Citizen,"Gerard Butler, Jamie Foxx, Leslie Bibb, Colm Meaney",2009,109
Up,"Edward Asner, Jordan Nagai, John Ratzenberger, Christopher Plummer",2009,96
Maze Runner: The Scorch Trials,"Dylan O'Brien, Kaya Scodelario, Thomas Brodie-Sangster,Giancarlo Esposito",2015,131
Carol,"Cate Blanchett, Rooney Mara, Sarah Paulson, Kyle Chandler",2015,118
Imperium,"Daniel Radcliffe, Toni Collette, Tracy Letts, Sam Trammell",2016,109
Youth,"Michael Caine, Harvey Keitel, Rachel Weisz, Jane Fonda",2015,124
Mr. Nobody,"Jared Leto, Sarah Polley, Diane Kruger, Linh Dan Pham",2009,141
City of Tiny Lights,"Riz Ahmed, Billie Piper, James Floyd, Cush Jumbo",2016,110
Savages,"Aaron Taylor-Johnson, Taylor Kitsch, Blake Lively,Benicio Del Toro",2012,131
(500) Days of Summer,"Zooey Deschanel, Joseph Gordon-Levitt, Geoffrey Arend, Chloë Grace Moretz",2009,95
Movie 43,"Emma Stone, Stephen Merchant, Richard Gere, Liev Schreiber",2013,94
Gravity,"Sandra Bullock, George Clooney, Ed Harris, Orto Ignatiussen",2013,91
The Boy in the Striped Pyjamas,"Asa Butterfield, David Thewlis, Rupert Friend, Zac Mattoon O'Brien",2008,94
Shooter,"Mark Wahlberg, Michael Peña, Rhona Mitra, Danny Glover",2007,124
The Happening,"Mark Wahlberg, Zooey Deschanel, John Leguizamo, Ashlyn Sanchez",2008,91
Bone Tomahawk,"Kurt Russell, Patrick Wilson, Matthew Fox, Richard Jenkins",2015,132
Magic Mike XXL,"Channing Tatum, Joe Manganiello, Matt Bomer,Adam Rodriguez",2015,115
Easy A,"Emma Stone, Amanda Bynes, Penn Badgley, Dan Byrd",2010,92
Exodus: Gods and Kings,"Christian Bale, Joel Edgerton, Ben Kingsley, Sigourney Weaver",2014,150
Chappie,"Sharlto Copley, Dev Patel, Hugh Jackman,Sigourney Weaver",2015,120
The Hobbit: The Desolation of Smaug,"Ian McKellen, Martin Freeman, Richard Armitage,Ken Stott",2013,161
Half of a Yellow Sun,"Chiwetel Ejiofor, Thandie Newton, Anika Noni Rose,Joseph Mawle",2013,111
Anthropoid,"Jamie Dornan, Cillian Murphy, Brian Caspe, Karel Hermánek Jr.",2016,120
The Counselor,"Michael Fassbender, Penélope Cruz, Cameron Diaz,Javier Bardem",2013,117
Viking,"Anton Adasinsky, Aleksandr Armer, Vilen Babichev, Rostislav Bershauer",2016,133
Whiskey Tango Foxtrot,"Tina Fey, Margot Robbie, Martin Freeman, Alfred Molina",2016,112
Trust,"Clive Owen, Catherine Keener, Liana Liberato,Jason Clarke",2010,106
Birth of the Dragon,"Billy Magnussen, Terry Chen, Teresa Navarro,Vanessa Ross",2016,103
Elysium,"Matt Damon, Jodie Foster, Sharlto Copley, Alice Braga",2013,109
The Green Inferno,"Lorenza Izzo, Ariel Levy, Aaron Burns, Kirby Bliss Blanton",2013,100
Godzilla,"Aaron Taylor-Johnson, Elizabeth Olsen, Bryan Cranston, Ken Watanabe",2014,123
The Bourne Legacy,"Jeremy Renner, Rachel Weisz, Edward Norton, Scott Glenn",2012,135
A Good Year,"Russell Crowe, Abbie Cornish, Albert Finney, Marion Cotillard",2006,117
Friend Request,"Alycia Debnam-Carey, William Moseley, Connor Paolo, Brit Morgan",2016,92
Deja Vu,"Denzel Washington, Paula Patton, Jim Caviezel, Val Kilmer",2006,126
Lucy,"Scarlett Johansson, Morgan Freeman, Min-sik Choi,Amr Waked",2014,89
A Quiet Passion,"Cynthia Nixon, Jennifer Ehle, Duncan Duff, Keith Carradine",2016,125
Need for Speed,"Aaron Paul, Dominic Cooper, Imogen Poots, Scott Mescudi",2014,132
Jack Reacher,"Tom Cruise, Rosamund Pike, Richard Jenkins, Werner Herzog",2012,130
The Do-Over,"Adam Sandler, David Spade, Paula Patton, Kathryn Hahn",2016,108
True Crimes,"Jim Carrey, Charlotte Gainsbourg, Marton Csokas, Kati Outinen",2016,92
American Pastoral,"Ewan McGregor, Jennifer Connelly, Dakota Fanning, Peter Riegert",2016,108
The Ghost Writer,"Ewan McGregor, Pierce Brosnan, Olivia Williams,Jon Bernthal",2010,128
Limitless,"Bradley Cooper, Anna Friel, Abbie Cornish, Robert De Niro",2011,105
Spectral,"James Badge Dale, Emily Mortimer, Bruce Greenwood,Max Martini",2016,107
P.S. I Love You,"Hilary Swank, Gerard Butler, Harry Connick Jr., Lisa Kudrow",2007,126
Zipper,"Patrick Wilson, Lena Headey, Ray Winstone,Richard Dreyfuss",2015,103
Midnight Special,"Michael Shannon, Joel Edgerton, Kirsten Dunst, Adam Driver",2016,112
Don't Think Twice,"Keegan-Michael Key, Gillian Jacobs, Mike Birbiglia,Chris Gethard",2016,92
Alice in Wonderland,"Mia Wasikowska, Johnny Depp, Helena Bonham Carter,Anne Hathaway",2010,108
Chuck,"Elisabeth Moss, Naomi Watts, Ron Perlman, Liev Schreiber",2016,98
"I, Daniel Blake","Dave Johns, Hayley Squires, Sharon Percy, Briana Shann",2016,100
The Break-Up,"Jennifer Aniston, Vince Vaughn, Jon Favreau, Joey Lauren Adams",2006,106
Loving,"Ruth Negga, Joel Edgerton, Will Dalton, Dean Mumford",2016,123
Fantastic Four,"Miles Teller, Kate Mara, Michael B. Jordan, Jamie Bell",2015,100
The Survivalist,"Mia Goth, Martin McCann, Barry Ward, Andrew Simpson",2015,104
Colonia,"Emma Watson, Daniel Brühl, Michael Nyqvist,Richenda Carey",2015,106
The Boy Next Door,"Jennifer Lopez, Ryan Guzman, Kristin Chenoweth, John Corbett",2015,91
The Gift,"Jason Bateman, Rebecca Hall, Joel Edgerton, Allison Tolman",2015,108
Dracula Untold,"Luke Evans, Dominic Cooper, Sarah Gadon, Art Parkinson",2014,92
In the Heart of the Sea,"Chris Hemsworth, Cillian Murphy, Brendan Gleeson,Ben Whishaw",2015,122
Idiocracy,"Luke Wilson, Maya Rudolph, Dax Shepard, Terry Crews",2006,84
The Expendables,"Sylvester Stallone, Jason Statham, Jet Li, Dolph Lundgren",2010,103
Evil Dead,"Jane Levy, Shiloh Fernandez, Jessica Lucas, Lou Taylor Pucci",2013,91
Sinister,"Ethan Hawke, Juliet Rylance, James Ransone,Fred Dalton Thompson",2012,110
Wreck-It Ralph,"John C. Reilly, Jack McBrayer, Jane Lynch, Sarah Silverman",2012,101
Snow White and the Huntsman,"Kristen Stewart, Chris Hemsworth, Charlize Theron, Sam Claflin",2012,127
Pan,"Levi Miller, Hugh Jackman, Garrett Hedlund, Rooney Mara",2015,111
Transformers: Dark of the Moon,"Shia LaBeouf, Rosie Huntington-Whiteley, Tyrese Gibson, Josh Duhamel",2011,154
Juno,"Ellen Page, Michael Cera, Jennifer Garner, Jason Bateman",2007,96
A Hologram for the King,"Tom Hanks, Sarita Choudhury, Ben Whishaw,Alexander Black",2016,98
Money Monster,"George Clooney, Julia Roberts, Jack O'Connell,Dominic West",2016,98
The Other Woman,"Cameron Diaz, Leslie Mann, Kate Upton, Nikolaj Coster-Waldau",2014,109
Enchanted,"Amy Adams, Susan Sarandon, James Marsden, Patrick Dempsey",2007,107
The Intern,"Robert De Niro, Anne Hathaway, Rene Russo,Anders Holm",2015,121
Little Miss Sunshine,"Steve Carell, Toni Collette, Greg Kinnear, Abigail Breslin",2006,101
Bleed for This,"Miles Teller, Aaron Eckhart, Katey Sagal, Ciarán Hinds",2016,117
Clash of the Titans,"Sam Worthington, Liam Neeson, Ralph Fiennes,Jason Flemyng",2010,106
The Finest Hours,"Chris Pine, Casey Affleck, Ben Foster, Eric Bana",2016,117
Tron,"Jeff Bridges, Garrett Hedlund, Olivia Wilde, Bruce Boxleitner",2010,125
The Hunger Games: Catching Fire,"Jennifer Lawrence, Josh Hutcherson, Liam Hemsworth, Philip Seymour Hoffman",2013,146
All Good Things,"Ryan Gosling, Kirsten Dunst, Frank Langella, Lily Rabe",2010,101
Kickboxer: Vengeance,"Dave Bautista, Alain Moussi, Gina Carano, Jean-Claude Van Damme",2016,90
The Last Airbender,"Noah Ringer, Nicola Peltz, Jackson Rathbone,Dev Patel",2010,103
Sex Tape,"Jason Segel, Cameron Diaz, Rob Corddry, Ellie Kemper",2014,94
What to Expect When You're Expecting,"Cameron Diaz, Matthew Morrison, J. Todd Smith, Dennis Quaid",2012,110
Moneyball,"Brad Pitt, Robin Wright, Jonah Hill, Philip Seymour Hoffman",2011,133
Ghost Rider,"Nicolas Cage, Eva Mendes, Sam Elliott, Matt Long",2007,114
Unbroken,"Jack O'Connell, Miyavi, Domhnall Gleeson, Garrett Hedlund",2014,137
Immortals,"Henry Cavill, Mickey Rourke, John Hurt, Stephen Dorff",2011,110
Sunshine,"Cillian Murphy, Rose Byrne, Chris Evans, Michelle Yeoh",2007,107
Brave,"Kelly Macdonald,Billy Connolly, Emma Thompson, Julie Walters",2012,93
Män som hatar kvinnor,"Michael Nyqvist, Noomi Rapace, Ewa Fröling,Lena Endre",2009,152
Adoration,"Naomi Watts, Robin Wright, Xavier Samuel, James Frecheville",2013,112
The Drop,"Tom Hardy, Noomi Rapace, James Gandolfini,Matthias Schoenaerts",2014,106
She's the Man,"Amanda Bynes, Laura Ramsey, Channing Tatum,Vinnie Jones",2006,105
Daddy's Home,"Will Ferrell, Mark Wahlberg, Linda Cardellini, Thomas Haden Church",2015,96
Let Me In,"Kodi Smit-McPhee, Chloë Grace Moretz, Richard Jenkins, Cara Buono",2010,116
Never Back Down,"Sean Faris, Djimon Hounsou, Amber Heard, Cam Gigandet",2008,110
Grimsby,"Sacha Baron Cohen, Mark Strong, Rebel Wilson,Freddie Crowder",2016,83
Moon,"Sam Rockwell, Kevin Spacey, Dominique McElligott,Rosie Shaw",2009,97
Megamind,"Will Ferrell, Jonah Hill, Brad Pitt, Tina Fey",2010,95
Gangster Squad,"Sean Penn, Ryan Gosling, Emma Stone, Giovanni Ribisi",2013,113
Blood Father,"Mel Gibson, Erin Moriarty, Diego Luna, Michael Parks",2016,88
He's Just Not That Into You,"Jennifer Aniston, Jennifer Connelly, Morgan Lily,Trenton Rogers",2009,129
Kung Fu Panda 3,"Jack Black, Bryan Cranston, Dustin Hoffman, Angelina Jolie",2016,95
The Rise of the Krays,"Matt Vael, Simon Cotton, Kevin Leslie, Olivia Moyles",2015,110
Handsome Devil,"Fionn O'Shea, Nicholas Galitzine, Andrew Scott, Moe Dunford",2016,95
Winter's Bone,"Jennifer Lawrence, John Hawkes, Garret Dillahunt,Isaiah Stone",2010,100
Horrible Bosses,"Jason Bateman, Charlie Day, Jason Sudeikis, Steve Wiebe",2011,98
Mommy,"Anne Dorval, Antoine-Olivier Pilon, Suzanne Clément,Patrick Huard",2014,139
Hellboy II: The Golden Army,"Ron Perlman, Selma Blair, Doug Jones, John Alexander",2008,120
Beautiful Creatures,"Alice Englert, Viola Davis, Emma Thompson,Alden Ehrenreich",2013,124
Toni Erdmann,"Sandra Hüller, Peter Simonischek, Michael Wittenborn,Thomas Loibl",2016,162
The Lovely Bones,"Rachel Weisz, Mark Wahlberg, Saoirse Ronan, Susan Sarandon",2009,135
The Assassination of Jesse James by the Coward Robert Ford,"Brad Pitt, Casey Affleck, Sam Shepard, Mary-Louise Parker",2007,160
Don Jon,"Joseph Gordon-Levitt, Scarlett Johansson,Julianne Moore, Tony Danza",2013,90
Bastille Day,"Idris Elba, Richard Madden, Charlotte Le Bon, Kelly Reilly",2016,92
2307: Winter's Dream,"Paul Sidhu, Branden Coles, Arielle Holmes, Kelcey Watson",2016,101
Free State of Jones,"Matthew McConaughey, Gugu Mbatha-Raw, Mahershala Ali, Keri Russell",2016,139
Mr. Right,"Anna Kendrick, Sam Rockwell, Tim Roth, James Ransone",2015,95
The Secret Life of Walter Mitty,"Ben Stiller, Kristen Wiig, Jon Daly, Kathryn Hahn",2013,114
Dope,"Shameik Moore, Tony Revolori, Kiersey Clemons,Kimberly Elise",2015,103
Underworld Awakening,"Kate Beckinsale, Michael Ealy, India Eisley, Stephen Rea",2012,88
Antichrist,"Willem Dafoe, Charlotte Gainsbourg, Storm Acheche Sahlstrøm",2009,108
Friday the 13th,"Jared Padalecki, Amanda Righetti, Derek Mears,Danielle Panabaker",2009,97
Taken 3,"Liam Neeson, Forest Whitaker, Maggie Grace,Famke Janssen",2014,109
Total Recall,"Colin Farrell, Bokeem Woodbine, Bryan Cranston,Kate Beckinsale",2012,118
X-Men: The Last Stand,"Patrick Stewart, Hugh Jackman, Halle Berry, Famke Janssen",2006,104
The Escort,"Lyndsy Fonseca, Michael Doneger, Tommy Dewey,Bruce Campbell",2016,88
The Whole Truth,"Keanu Reeves, Renée Zellweger, Gugu Mbatha-Raw, Gabriel Basso",2016,93
Night at the Museum: Secret of the Tomb,"Ben Stiller, Robin Williams, Owen Wilson, Dick Van Dyke",2014,98
Love & Other Drugs,"Jake Gyllenhaal, Anne Hathaway, Judy Greer, Oliver Platt",2010,112
The Interview,"James Franco, Seth Rogen, Randall Park, Lizzy Caplan",2014,112
The Host,"Kang-ho Song, Hee-Bong Byun, Hae-il Park, Doona Bae",2006,120
Megan Is Missing,"Amber Perkins, Rachel Quinn, Dean Waite, Jael Elizabeth Steinmeyer",2011,85
WALL·E,"Ben Burtt, Elissa Knight, Jeff Garlin, Fred Willard",2008,98
Knocked Up,"Seth Rogen, Katherine Heigl, Paul Rudd, Leslie Mann",2007,129
Source Code,"Jake Gyllenhaal, Michelle Monaghan, Vera Farmiga,Jeffrey Wright",2011,93
Lawless,"Tom Hardy, Shia LaBeouf, Guy Pearce, Jason Clarke",2012,116
Unfriended,"Heather Sossaman, Matthew Bohrer, Courtney Halverson, Shelley Hennig",2014,83
American Reunion,"Jason Biggs, Alyson Hannigan,Seann William Scott, Chris Klein",2012,113
The Pursuit of Happyness,"Will Smith, Thandie Newton, Jaden Smith, Brian Howe",2006,117
Relatos salvajes,"Darío Grandinetti, María Marull, Mónica Villa, Rita Cortese",2014,122
The Ridiculous 6,"Adam Sandler, Terry Crews, Jorge Garcia, Taylor Lautner",2015,119
Frantz,"Pierre Niney, Paula Beer, Ernst Stötzner, Marie Gruber",2016,113
Viral,"Sofia Black-D'Elia, Analeigh Tipton,Travis Tope, Michael Kelly",2016,85
Gran Torino,"Clint Eastwood, Bee Vang, Christopher Carley,Ahney Her",2008,116
Burnt,"Bradley Cooper, Sienna Miller, Daniel Brühl, Riccardo Scamarcio",2015,101
Tall Men,"Dan Crisafulli, Kay Whitney, Richard Garcia, Pat Cashman",2016,133
Sleeping Beauty,"Emily Browning, Rachael Blake, Ewen Leslie, Bridgette Barrett",2011,101
Vampire Academy,"Zoey Deutch, Lucy Fry, Danila Kozlovsky, Gabriel Byrne",2014,104
Sweeney Todd: The Demon Barber of Fleet Street,"Johnny Depp, Helena Bonham Carter, Alan Rickman,Timothy Spall",2007,116
Solace,"Anthony Hopkins, Jeffrey Dean Morgan, Abbie Cornish, Colin Farrell",2015,101
Insidious,"Patrick Wilson, Rose Byrne, Ty Simpkins, Lin Shaye",2010,103
Popstar: Never Stop Never Stopping,"Andy Samberg, Jorma Taccone,Akiva Schaffer, Sarah Silverman",2016,87
The Levelling,"Ellie Kendrick, David Troughton, Jack Holden,Joe Blakemore",2016,83
Public Enemies,"Christian Bale, Johnny Depp, Christian Stolte, Jason Clarke",2009,140
Boyhood,"Ellar Coltrane, Patricia Arquette, Ethan Hawke,Elijah Smith",2014,165
Teenage Mutant Ninja Turtles,"Megan Fox, Will Arnett, William Fichtner, Noel Fisher",2014,101
Eastern Promises,"Naomi Watts, Viggo Mortensen, Armin Mueller-Stahl, Josef Altin",2007,100
The Daughter,"Geoffrey Rush, Nicholas Hope, Sam Neill, Ewen Leslie",2015,96
Pineapple Express,"Seth Rogen, James Franco, Gary Cole, Danny McBride",2008,111
The First Time,"Dylan O'Brien, Britt Robertson, Victoria Justice, James Frecheville",2012,95
Gone Baby Gone,"Morgan Freeman, Ed Harris, Casey Affleck, Michelle Monaghan",2007,114
The Heat,"Sandra Bullock, Michael McDonald, Melissa McCarthy,Demián Bichir",2013,117
L'avenir,"Isabelle Huppert, André Marcon, Roman Kolinka,Edith Scob",2016,102
Anna Karenina,"Keira Knightley, Jude Law, Aaron Taylor-Johnson,Matthew Macfadyen",2012,129
Regression,"Ethan Hawke, David Thewlis, Emma Watson,Dale Dickey",2015,106
Ted 2,"Mark Wahlberg, Seth MacFarlane, Amanda Seyfried, Jessica Barth",2015,115
Pain & Gain,"Mark Wahlberg, Dwayne Johnson, Anthony Mackie,Tony Shalhoub",2013,129
Blood Diamond,"Leonardo DiCaprio, Djimon Hounsou, Jennifer Connelly, Kagiso Kuypers",2006,143
Devil's Knot,"Colin Firth, Reese Witherspoon, Alessandro Nivola,James Hamrick",2013,114
Child 44,"Tom Hardy, Gary Oldman, Noomi Rapace, Joel Kinnaman",2015,137
The Hurt Locker,"Jeremy Renner, Anthony Mackie, Brian Geraghty,Guy Pearce",2008,131
Green Lantern,"Ryan Reynolds, Blake Lively, Peter Sarsgaard,Mark Strong",2011,114
War on Everyone,"Alexander Skarsgård, Michael Peña, Theo James, Tessa Thompson",2016,98
The Mist,"Thomas Jane, Marcia Gay Harden, Laurie Holden,Andre Braugher",2007,126
Escape Plan,"Sylvester Stallone, Arnold Schwarzenegger, 50 Cent, Vincent D'Onofrio",2013,115
"Love, Rosie","Lily Collins, Sam Claflin, Christian Cooke, Jaime Winstone",2014,102
The DUFF,"Mae Whitman, Bella Thorne, Robbie Amell, Allison Janney",2015,101
The Age of Shadows,"Byung-hun Lee, Yoo Gong, Kang-ho Song, Ji-min Han",2016,140
The Hunger Games: Mockingjay - Part 1,"Jennifer Lawrence, Josh Hutcherson, Liam Hemsworth, Woody Harrelson",2014,123
We Need to Talk About Kevin,"Tilda Swinton, John C. Reilly, Ezra Miller, Jasper Newell",2011,112
Love & Friendship,"Kate Beckinsale, Chloë Sevigny, Xavier Samuel,Emma Greenwell",2016,90
The Mortal Instruments: City of Bones,"Lily Collins, Jamie Campbell Bower, Robert Sheehan,Jemima West",2013,130
Seven Pounds,"Will Smith, Rosario Dawson, Woody Harrelson,Michael Ealy",2008,123
The King's Speech,"Colin Firth, Geoffrey Rush, Helena Bonham Carter,Derek Jacobi",2010,118
Hunger,"Stuart Graham, Laine Megaw, Brian Milligan, Liam McMahon",2008,96
Jumper,"Hayden Christensen, Samuel L. Jackson, Jamie Bell,Rachel Bilson",2008,88
Toy Story 3,"Tom Hanks, Tim Allen, Joan Cusack, Ned Beatty",2010,103
Tinker Tailor Soldier Spy,"Gary Oldman, Colin Firth, Tom Hardy, Mark Strong",2011,122
Resident Evil: Retribution,"Milla Jovovich, Sienna Guillory, Michelle Rodriguez, Aryana Engineer",2012,96
Dear Zindagi,"Alia Bhatt, Shah Rukh Khan, Kunal Kapoor, Priyanka Moodley",2016,151
Genius,"Colin Firth, Jude Law, Nicole Kidman, Laura Linney",2016,104
Pompeii,"Kit Harington, Emily Browning, Kiefer Sutherland, Adewale Akinnuoye-Agbaje",2014,105
Life of Pi,"Suraj Sharma, Irrfan Khan, Adil Hussain, Tabu",2012,127
Hachi: A Dog's Tale,"Richard Gere, Joan Allen, Cary-Hiroyuki Tagawa,Sarah Roemer",2009,93
10 Years,"Channing Tatum, Rosario Dawson, Chris Pratt, Jenna Dewan Tatum",2011,100
I Origins,"Michael Pitt, Steven Yeun, Astrid Bergès-Frisbey, Brit Marling",2014,106
Live Free or Die Hard,"Bruce Willis, Justin Long, Timothy Olyphant, Maggie Q",2007,128
The Matchbreaker,"Wesley Elder, Christina Grimmie, Osric Chau, Olan Rogers",2016,94
Funny Games,"Naomi Watts, Tim Roth, Michael Pitt, Brady Corbet",2007,111
Ted,"Mark Wahlberg, Mila Kunis, Seth MacFarlane, Joel McHale",2012,106
RED,"Bruce Willis, Helen Mirren, Morgan Freeman,Mary-Louise Parker",2010,111
Australia,"Nicole Kidman, Hugh Jackman, Shea Adams, Eddie Baroo",2008,165
Faster,"Dwayne Johnson, Billy Bob Thornton, Maggie Grace, Mauricio Lopez",2010,98
The Neighbor,"Josh Stewart, Bill Engvall, Alex Essoe, Ronnie Gene Blevins",2016,87
The Adjustment Bureau,"Matt Damon, Emily Blunt, Lisa Thoreson, Florence Kastriner",2011,106
The Hollars,"Sharlto Copley, Charlie Day, Richard Jenkins, Anna Kendrick",2016,88
The Judge,"Robert Downey Jr., Robert Duvall, Vera Farmiga, Billy Bob Thornton",2014,141
Closed Circuit,"Eric Bana, Rebecca Hall, Jim Broadbent, Ciarán Hinds",2013,96
Transformers: Revenge of the Fallen,"Shia LaBeouf, Megan Fox, Josh Duhamel, Tyrese Gibson",2009,150
La tortue rouge,"Emmanuel Garijo, Tom Hudson, Baptiste Goy, Axel Devillers",2016,80
The Book of Life,"Diego Luna, Zoe Saldana, Channing Tatum, Ron Perlman",2014,95
Incendies,"Lubna Azabal, Mélissa Désormeaux-Poulin, Maxim Gaudette, Mustafa Kamel",2010,131
The Heartbreak Kid,"Ben Stiller, Michelle Monaghan,Malin Akerman, Jerry Stiller",2007,116
Happy Feet,"Elijah Wood, Brittany Murphy, Hugh Jackman, Robin Williams",2006,108
Entourage,"Adrian Grenier, Kevin Connolly, Jerry Ferrara, Kevin Dillon",2015,104
The Strangers,"Scott Speedman, Liv Tyler, Gemma Ward, Alex Fisher",2008,86
Noah,"Russell Crowe, Jennifer Connelly, Anthony Hopkins, Emma Watson",2014,138
Neighbors,"Seth Rogen, Rose Byrne, Zac Efron, Lisa Kudrow",2014,97
Nymphomaniac: Vol. II,"Charlotte Gainsbourg, Stellan Skarsgård, Willem Dafoe, Jamie Bell",2013,123
Wild,"Reese Witherspoon, Laura Dern, Gaby Hoffmann,Michiel Huisman",2014,115
Grown Ups,"Adam Sandler, Salma Hayek, Kevin James, Chris Rock",2010,102
Blair Witch,"James Allen McCune, Callie Hernandez, Corbin Reid, Brandon Scott",2016,89
The Karate Kid,"Jackie Chan, Jaden Smith, Taraji P. Henson, Wenwen Han",2010,140
Dark Shadows,"Johnny Depp, Michelle Pfeiffer, Eva Green, Helena Bonham Carter",2012,113
Friends with Benefits,"Mila Kunis, Justin Timberlake, Patricia Clarkson, Jenna Elfman",2011,109
The Illusionist,"Edward Norton, Jessica Biel, Paul Giamatti, Rufus Sewell",2006,110
The A-Team,"Liam Neeson, Bradley Cooper, Sharlto Copley,Jessica Biel",2010,117
The Guest,"Dan Stevens, Sheila Kelley, Maika Monroe, Joel David Moore",2014,100
The Internship,"Vince Vaughn, Owen Wilson, Rose Byrne, Aasif Mandvi",2013,119
Paul,"Simon Pegg, Nick Frost, Seth Rogen, Mia Stallard",2011,104
This Beautiful Fantastic,"Jessica Brown Findlay, Andrew Scott, Jeremy Irvine,Tom Wilkinson",2016,100
The Da Vinci Code,"Tom Hanks, Audrey Tautou, Jean Reno, Ian McKellen",2006,149
Mr. Church,"Eddie Murphy, Britt Robertson, Natascha McElhone, Xavier Samuel",2016,104
Hugo,"Asa Butterfield, Chloë Grace Moretz, Christopher Lee, Ben Kingsley",2011,126
The Blackcoat's Daughter,"Emma Roberts, Kiernan Shipka, Lauren Holly, Lucy Boynton",2015,93
Body of Lies,"Leonardo DiCaprio, Russell Crowe, Mark Strong,Golshifteh Farahani",2008,128
Knight of Cups,"Christian Bale, Cate Blanchett, Natalie Portman,Brian Dennehy",2015,118
The Mummy: Tomb of the Dragon Emperor,"Brendan Fraser, Jet Li, Maria Bello, Michelle Yeoh",2008,112
The Boss,"Melissa McCarthy, Kristen Bell, Peter Dinklage, Ella Anderson",2016,99
Hands of Stone,"Edgar Ramírez, Usher Raymond, Robert De Niro, Rubén Blades",2016,111
El secreto de sus ojos,"Ricardo Darín, Soledad Villamil, Pablo Rago,Carla Quevedo",2009,129
True Grit,"Jeff Bridges, Matt Damon, Hailee Steinfeld,Josh Brolin",2010,110
We Are Your Friends,"Zac Efron, Wes Bentley, Emily Ratajkowski, Jonny Weston",2015,96
A Million Ways to Die in the West,"Seth MacFarlane, Charlize Theron, Liam Neeson,Amanda Seyfried",2014,116
Only for One Night,"Brian White, Karrueche Tran, Angelique Pereira,Jessica Vanessa DeLeon",2016,86
Rules Don't Apply,"Lily Collins, Haley Bennett, Taissa Farmiga, Steve Tom",2016,127
Ouija: Origin of Evil,"Elizabeth Reaser, Lulu Wilson, Annalise Basso,Henry Thomas",2016,99
Percy Jackson: Sea of Monsters,"Logan Lerman, Alexandra Daddario, Brandon T. Jackson, Nathan Fillion",2013,106
Fracture,"Anthony Hopkins, Ryan Gosling, David Strathairn,Rosamund Pike",2007,113
Oculus,"Karen Gillan, Brenton Thwaites, Katee Sackhoff,Rory Cochrane",2013,104
In Bruges,"Colin Farrell, Brendan Gleeson, Ciarán Hinds,Elizabeth Berrington",2008,107
This Means War,"Reese Witherspoon, Chris Pine, Tom Hardy, Til Schweiger",2012,103
Lída Baarová,"Tatiana Pauhofová, Karl Markovics, Gedeon Burkhard,Simona Stasová",2016,106
The Road,"Viggo Mortensen, Charlize Theron, Kodi Smit-McPhee,Robert Duvall",2009,111
Lavender,"Abbie Cornish, Dermot Mulroney, Justin Long,Diego Klattenhoff",2016,92
Deuces,"Larenz Tate, Meagan Good, Rotimi, Rick Gonzalez",2016,87
Conan the Barbarian,"Jason Momoa, Ron Perlman, Rose McGowan,Stephen Lang",2011,113
The Fighter,"Mark Wahlberg, Christian Bale, Amy Adams,Melissa Leo",2010,116
August Rush,"Freddie Highmore, Keri Russell, Jonathan Rhys Meyers, Terrence Howard",2007,114
Chef,"Jon Favreau, Robert Downey Jr., Scarlett Johansson,Dustin Hoffman",2014,114
Eye in the Sky,"Helen Mirren, Aaron Paul, Alan Rickman, Barkhad Abdi",2015,102
Eagle Eye,"Shia LaBeouf, Michelle Monaghan, Rosario Dawson,Michael Chiklis",2008,118
The Purge,"Ethan Hawke, Lena Headey, Max Burkholder,Adelaide Kane",2013,85
PK,"Aamir Khan, Anushka Sharma, Sanjay Dutt,Boman Irani",2014,153
Ender's Game,"Harrison Ford, Asa Butterfield, Hailee Steinfeld, Abigail Breslin",2013,114
Indiana Jones and the Kingdom of the Crystal Skull,"Harrison Ford, Cate Blanchett, Shia LaBeouf,Karen Allen",2008,122
Paper Towns,"Nat Wolff, Cara Delevingne, Austin Abrams, Justice Smith",2015,109
High-Rise,"Tom Hiddleston, Jeremy Irons, Sienna Miller, Luke Evans",2015,119
Quantum of Solace,"Daniel Craig, Olga Kurylenko, Mathieu Amalric, Judi Dench",2008,106
The Assignment,"Sigourney Weaver, Michelle Rodriguez, Tony Shalhoub,Anthony LaPaglia",2016,95
How to Train Your Dragon,"Jay Baruchel, Gerard Butler,Christopher Mintz-Plasse, Craig Ferguson",2010,98
Lady in the Water,"Paul Giamatti, Bryce Dallas Howard, Jeffrey Wright, Bob Balaban",2006,110
The Fountain,"Hugh Jackman, Rachel Weisz, Sean Patrick Thomas, Ellen Burstyn",2006,96
Cars 2,"Owen Wilson, Larry the Cable Guy,Michael Caine, Emily Mortimer",2011,106
31,"Malcolm McDowell, Richard Brake, Jeff Daniel Phillips,Sheri Moon Zombie",2016,102
Final Girl,"Abigail Breslin, Wes Bentley, Logan Huffman,Alexander Ludwig",2015,90
Chalk It Up,"Maddy Curley, John DeLuca, Nikki SooHoo, Drew Seeley",2016,90
The Man Who Knew Infinity,"Dev Patel, Jeremy Irons, Malcolm Sinclair, Raghuvir Joshi",2015,108
Unknown,"Liam Neeson, Diane Kruger, January Jones,Aidan Quinn",2011,113
Self/less,"Ryan Reynolds, Natalie Martinez, Matthew Goode,Ben Kingsley",2015,117
Mr. Brooks,"Kevin Costner, Demi Moore, William Hurt, Dane Cook",2007,120
Tramps,"Callum Turner, Grace Van Patten, Michal Vondel, Mike Birbiglia",2016,82
Before We Go,"Chris Evans, Alice Eve, Emma Fitzpatrick, John Cullum",2014,95
Captain Phillips,"Tom Hanks, Barkhad Abdi, Barkhad Abdirahman,Catherine Keener",2013,134
The Secret Scripture,"Rooney Mara, Eric Bana, Theo James, Aidan Turner",2016,108
Max Steel,"Ben Winchell, Josh Brener, Maria Bello, Andy Garcia",2016,92
Hotel Transylvania 2,"Adam Sandler, Andy Samberg, Selena Gomez, Kevin James",2015,89
Hancock,"Will Smith, Charlize Theron, Jason Bateman, Jae Head",2008,92
Sisters,"Amy Poehler, Tina Fey, Maya Rudolph, Ike Barinholtz",2015,118
The Family,"Robert De Niro, Michelle Pfeiffer, Dianna Agron, John D'Leo",2013,111
Zack and Miri Make a Porno,"Seth Rogen, Elizabeth Banks, Craig Robinson, Gerry Bednob",2008,101
Ma vie de Courgette,"Gaspard Schlatter, Sixtine Murat, Paulin Jaccoud,Michel Vuillermoz",2016,66
Man on a Ledge,"Sam Worthington, Elizabeth Banks, Jamie Bell, Mandy Gonzalez",2012,102
No Strings Attached,"Natalie Portman, Ashton Kutcher, Kevin Kline, Cary Elwes",2011,108
Rescue Dawn,"Christian Bale, Steve Zahn, Jeremy Davies, Zach Grenier",2006,120
Despicable Me 2,"Steve Carell, Kristen Wiig, Benjamin Bratt, Miranda Cosgrove",2013,98
A Walk Among the Tombstones,"Liam Neeson, Dan Stevens, David Harbour, Boyd Holbrook",2014,114
The World's End,"Simon Pegg, Nick Frost, Martin Freeman, Rosamund Pike",2013,109
Yoga Hosers,"Lily-Rose Depp, Harley Quinn Smith, Johnny Depp,Adam Brody",2016,88
Seven Psychopaths,"Colin Farrell, Woody Harrelson, Sam Rockwell,Christopher Walken",2012,110
Beowulf,"Ray Winstone, Crispin Glover, Angelina Jolie,Robin Wright",2007,115
Jack Ryan: Shadow Recruit,"Chris Pine, Kevin Costner, Keira Knightley,Kenneth Branagh",2014,105
1408,"John Cusack, Samuel L. Jackson, Mary McCormack, Paul Birchard",2007,104
The Gambler,"Mark Wahlberg, Jessica Lange, John Goodman, Brie Larson",2014,111
Prince of Persia: The Sands of Time,"Jake Gyllenhaal, Gemma Arterton, Ben Kingsley,Alfred Molina",2010,116
The Spectacular Now,"Miles Teller, Shailene Woodley, Kyle Chandler,Jennifer Jason Leigh",2013,95
A United Kingdom,"David Oyelowo, Rosamund Pike, Tom Felton, Jack Davenport",2016,111
USS Indianapolis: Men of Courage,"Nicolas Cage, Tom Sizemore, Thomas Jane,Matt Lanter",2016,128
Turbo Kid,"Munro Chambers, Laurence Leboeuf, Michael Ironside, Edwin Wright",2015,93
Mama,"Jessica Chastain, Nikolaj Coster-Waldau, Megan Charpentier, Isabelle Nélisse",2013,100
Orphan,"Vera Farmiga, Peter Sarsgaard, Isabelle Fuhrman, CCH Pounder",2009,123
To Rome with Love,"Woody Allen, Penélope Cruz, Jesse Eisenberg, Ellen Page",2012,112
Fantastic Mr. Fox,"George Clooney, Meryl Streep, Bill Murray, Jason Schwartzman",2009,87
Inside Man,"Denzel Washington, Clive Owen, Jodie Foster,Christopher Plummer",2006,129
I.T.,"Pierce Brosnan, Jason Barry, Karen Moskow, Kai Ryssdal",2016,95
127 Hours,"James Franco, Amber Tamblyn, Kate Mara, Sean Bott",2010,94
Annabelle,"Ward Horton, Annabelle Wallis, Alfre Woodard,Tony Amendola",2014,99
Wolves at the Door,"Katie Cassidy, Elizabeth Henstridge, Adam Campbell, Miles Fisher",2016,73
Suite Française,"Michelle Williams, Kristin Scott Thomas, Margot Robbie,Eric Godon",2014,107
The Imaginarium of Doctor Parnassus,"Christopher Plummer, Lily Cole, Heath Ledger,Andrew Garfield",2009,123
G.I. Joe: The Rise of Cobra,"Dennis Quaid, Channing Tatum, Marlon Wayans,Adewale Akinnuoye-Agbaje",2009,118
Christine,"Rebecca Hall, Michael C. Hall, Tracy Letts, Maria Dizzia",2016,119
Man Down,"Shia LaBeouf, Jai Courtney, Gary Oldman, Kate Mara",2015,90
Crawlspace,"Michael Vartan, Erin Moriarty, Nadine Velazquez,Ronnie Gene Blevins",2016,88
Shut In,"Naomi Watts, Charlie Heaton, Jacob Tremblay,Oliver Platt",2016,91
The Warriors Gate,"Mark Chao, Ni Ni, Dave Bautista, Sienna Guillory",2016,108
Grindhouse,"Kurt Russell, Rose McGowan, Danny Trejo, Zoë Bell",2007,191
Disaster Movie,"Carmen Electra, Vanessa Lachey,Nicole Parker, Matt Lanter",2008,87
Rocky Balboa,"Sylvester Stallone, Antonio Tarver, Milo Ventimiglia, Burt Young",2006,102
Diary of a Wimpy Kid: Dog Days,"Zachary Gordon, Robert Capron, Devon Bostick,Steve Zahn",2012,94
Jane Eyre,"Mia Wasikowska, Michael Fassbender, Jamie Bell, Su Elliot",2011,120
Fool's Gold,"Matthew McConaughey, Kate Hudson, Donald Sutherland, Alexis Dziena",2008,112
The Dictator,"Sacha Baron Cohen, Anna Faris, John C. Reilly, Ben Kingsley",2012,83
The Loft,"Karl Urban, James Marsden, Wentworth Miller, Eric Stonestreet",2014,108
Bacalaureat,"Adrian Titieni, Maria-Victoria Dragus, Lia Bugnar,Malina Manovici",2016,128
You Don't Mess with the Zohan,"Adam Sandler, John Turturro, Emmanuelle Chriqui,Nick Swardson",2008,113
Exposed,"Ana de Armas, Keanu Reeves, Christopher McDonald, Mira Sorvino",2016,102
Maudie,"Ethan Hawke, Sally Hawkins, Kari Matchett, Zachary Bennett",2016,115
Horrible Bosses 2,"Jason Bateman, Jason Sudeikis, Charlie Day, Jennifer Aniston",2014,108
A Bigger Splash,"Tilda Swinton, Matthias Schoenaerts, Ralph Fiennes, Dakota Johnson",2015,125
Melancholia,"Kirsten Dunst, Charlotte Gainsbourg, Kiefer Sutherland, Alexander Skarsgård",2011,135
The Princess and the Frog,"Anika Noni Rose, Keith David, Oprah Winfrey, Bruno Campos",2009,97
Unstoppable,"Denzel Washington, Chris Pine, Rosario Dawson, Ethan Suplee",2010,98
Flight,"Denzel Washington, Nadine Velazquez, Don Cheadle, John Goodman",2012,138
Home,"Jim Parsons, Rihanna, Steve Martin, Jennifer Lopez",2015,94
La migliore offerta,"Geoffrey Rush, Jim Sturgess, Sylvia Hoeks,Donald Sutherland",2013,131
Mean Dreams,"Sophie Nélisse, Josh Wiggins, Joe Cobden, Bill Paxton",2016,108
42,"Chadwick Boseman, T.R. Knight, Harrison Ford,Nicole Beharie",2013,128
21,"Jim Sturgess, Kate Bosworth, Kevin Spacey, Aaron Yoo",2008,123
Begin Again,"Keira Knightley, Mark Ruffalo, Adam Levine, Hailee Steinfeld",2013,104
Out of the Furnace,"Christian Bale, Casey Affleck, Zoe Saldana, Woody Harrelson",2013,116
Vicky Cristina Barcelona,"Rebecca Hall, Scarlett Johansson, Javier Bardem,Christopher Evan Welch",2008,96
Kung Fu Panda,"Jack Black, Ian McShane,Angelina Jolie, Dustin Hoffman",2008,92
Barbershop: The Next Cut,"Ice Cube, Regina Hall, Anthony Anderson, Eve",2016,111
Terminator Salvation,"Christian Bale, Sam Worthington, Anton Yelchin, Moon Bloodgood",2009,115
Freedom Writers,"Hilary Swank, Imelda Staunton, Patrick Dempsey, Scott Glenn",2007,123
The Hills Have Eyes,"Ted Levine, Kathleen Quinlan, Dan Byrd, Emilie de Ravin",2006,107
Changeling,"Angelina Jolie, Colm Feore, Amy Ryan, Gattlin Griffith",2008,141
Remember Me,"Robert Pattinson, Emilie de Ravin, Caitlyn Rund,Moisés Acevedo",2010,113
Koe no katachi,"Miyu Irino, Saori Hayami, Aoi Yuki, Kenshô Ono",2016,129
"Alexander and the Terrible, Horrible, No Good, Very Bad Day","Steve Carell, Jennifer Garner, Ed Oxenbould, Dylan Minnette",2014,81
Locke,"Tom Hardy, Olivia Colman, Ruth Wilson, Andrew Scott",2013,85
The 9th Life of Louis Drax,"Jamie Dornan, Aiden Longworth, Sarah Gadon,Aaron Paul",2016,108
Horns,"Daniel Radcliffe, Juno Temple, Max Minghella, Joe Anderson",2013,120
Indignation,"Logan Lerman, Sarah Gadon, Tijuana Ricks, Sue Dahlman",2016,110
The Stanford Prison Experiment,"Ezra Miller, Tye Sheridan, Billy Crudup, Olivia Thirlby",2015,122
Diary of a Wimpy Kid: Rodrick Rules,"Zachary Gordon, Devon Bostick, Robert Capron,Rachael Harris",2011,99
Mission: Impossible III,"Tom Cruise, Michelle Monaghan, Ving Rhames, Philip Seymour Hoffman",2006,126
En man som heter Ove,"Rolf Lassgård, Bahar Pars, Filip Berg, Ida Engvoll",2015,116
Dragonball Evolution,"Justin Chatwin, James Marsters, Yun-Fat Chow, Emmy Rossum",2009,85
Red Dawn,"Chris Hemsworth, Isabel Lucas, Josh Hutcherson, Josh Peck",2012,93
One Day,"Anne Hathaway, Jim Sturgess, Patricia Clarkson,Tom Mison",2011,107
Life as We Know It,"Katherine Heigl, Josh Duhamel, Josh Lucas, Alexis Clagett",2010,114
28 Weeks Later,"Jeremy Renner, Rose Byrne, Robert Carlyle, Harold Perrineau",2007,100
Warm Bodies,"Nicholas Hoult, Teresa Palmer, John Malkovich,Analeigh Tipton",2013,98
Blue Jasmine,"Cate Blanchett, Alec Baldwin, Peter Sarsgaard, Sally Hawkins",2013,98
G.I. Joe: Retaliation,"Dwayne Johnson, Channing Tatum, Adrianne Palicki,Byung-hun Lee",2013,110
Wrath of the Titans,"Sam Worthington, Liam Neeson, Rosamund Pike, Ralph Fiennes",2012,99
Shin Gojira,"Hiroki Hasegawa, Yutaka Takenouchi,Satomi Ishihara, Ren Ôsugi",2016,120
Saving Mr. Banks,"Emma Thompson, Tom Hanks, Annie Rose Buckley, Colin Farrell",2013,125
Transcendence,"Johnny Depp, Rebecca Hall, Morgan Freeman, Cillian Murphy",2014,119
Rio,"Jesse Eisenberg, Anne Hathaway, George Lopez,Karen Disher",2011,96
Equals,"Nicholas Hoult, Kristen Stewart, Vernetta Lopez,Scott Lawrence",2015,101
Babel,"Brad Pitt, Cate Blanchett, Gael García Bernal, Mohamed Akhzam",2006,143
The Tree of Life,"Brad Pitt, Sean Penn, Jessica Chastain, Hunter McCracken",2011,139
The Lucky One,"Zac Efron, Taylor Schilling, Blythe Danner, Riley Thomas Stewart",2012,101
Piranha 3D,"Elisabeth Shue, Jerry O'Connell, Richard Dreyfuss,Ving Rhames",2010,88
50/50,"Joseph Gordon-Levitt, Seth Rogen, Anna Kendrick, Bryce Dallas Howard",2011,100
The Intent,"Dylan Duffus, Scorcher,Shone Romulus, Jade Asha",2016,104
This Is 40,"Paul Rudd, Leslie Mann, Maude Apatow, Iris Apatow",2012,134
Real Steel,"Hugh Jackman, Evangeline Lilly, Dakota Goyo,Anthony Mackie",2011,127
Sex and the City,"Sarah Jessica Parker, Kim Cattrall, Cynthia Nixon, Kristin Davis",2008,145
Rambo,"Sylvester Stallone, Julie Benz, Matthew Marsden, Graham McTavish",2008,92
Planet Terror,"Rose McGowan, Freddy Rodríguez, Josh Brolin,Marley Shelton",2007,105
Concussion,"Will Smith, Alec Baldwin, Albert Brooks, David Morse",2015,123
The Fall,"Lee Pace, Catinca Untaru, Justine Waddell, Kim Uylenbroek",2006,117
The Ugly Truth,"Katherine Heigl, Gerard Butler, Bree Turner, Eric Winter",2009,96
Bride Wars,"Kate Hudson, Anne Hathaway, Candice Bergen, Bryan Greenberg",2009,89
Sleeping with Other People,"Jason Sudeikis, Alison Brie, Jordan Carlos,Margarita Levieva",2015,101
Snakes on a Plane,"Samuel L. Jackson, Julianna Margulies, Nathan Phillips, Rachel Blanchard",2006,105
What If,"Daniel Radcliffe, Zoe Kazan, Megan Park, Adam Driver",2013,98
How to Train Your Dragon 2,"Jay Baruchel, Cate Blanchett, Gerard Butler, Craig Ferguson",2014,102
RoboCop,"Joel Kinnaman, Gary Oldman, Michael Keaton, Abbie Cornish",2014,117
In Dubious Battle,"Nat Wolff, James Franco, Vincent D'Onofrio, Selena Gomez",2016,110
"Hello, My Name Is Doris","Sally Field, Max Greenfield, Tyne Daly, Wendi McLendon-Covey",2015,95
Ocean's Thirteen,"George Clooney, Brad Pitt, Matt Damon,Michael Mantell",2007,122
Slither,"Nathan Fillion, Elizabeth Banks, Michael Rooker, Don Thompson",2006,95
Contagion,"Matt Damon, Kate Winslet, Jude Law, Gwyneth Paltrow",2011,106
Il racconto dei racconti - Tale of Tales,"Salma Hayek, Vincent Cassel, Toby Jones, John C. Reilly",2015,133
I Am the Pretty Thing That Lives in the House,"Ruth Wilson, Paula Prentiss, Lucy Boynton, Bob Balaban",2016,87
Bridge to Terabithia,"Josh Hutcherson, AnnaSophia Robb, Zooey Deschanel, Robert Patrick",2007,96
Coherence,"Emily Baldoni, Maury Sterling, Nicholas Brendon, Elizabeth Gracen",2013,89
Notorious,"Jamal Woolard, Anthony Mackie, Derek Luke,Momo Dione",2009,122
Goksung,"Jun Kunimura, Jung-min Hwang, Do-won Kwak, Woo-hee Chun",2016,156
The Expendables 2,"Sylvester Stallone, Liam Hemsworth, Randy Couture,Jean-Claude Van Damme",2012,103
The Girl Next Door,"William Atherton, Blythe Auffarth, Blanche Baker,Kevin Chamberlin",2007,91
Perfume: The Story of a Murderer,"Ben Whishaw, Dustin Hoffman, Alan Rickman,Francesc Albiol",2006,147
The Golden Compass,"Nicole Kidman, Daniel Craig, Dakota Blue Richards, Ben Walker",2007,113
Centurion,"Michael Fassbender, Dominic West, Olga Kurylenko,Andreas Wisniewski",2010,97
Scouts Guide to the Zombie Apocalypse,"Tye Sheridan, Logan Miller, Joey Morgan,Sarah Dumont",2015,93
17 Again,"Zac Efron, Matthew Perry, Leslie Mann, Thomas Lennon",2009,102
No Escape,"Lake Bell, Pierce Brosnan, Owen Wilson,Chatchawai Kamonsakpitak",2015,103
Superman Returns,"Brandon Routh, Kevin Spacey, Kate Bosworth, James Marsden",2006,154
The Twilight Saga: Breaking Dawn - Part 1,"Kristen Stewart, Robert Pattinson, Taylor Lautner, Gil Birmingham",2011,117
Precious,"Gabourey Sidibe, Mo'Nique, Paula Patton, Mariah Carey",2009,110
The Sea of Trees,"Matthew McConaughey, Naomi Watts, Ken Watanabe,Ryoko Seta",2015,110
Good Kids,"Zoey Deutch, Nicholas Braun, Mateo Arias, Israel Broussard",2016,86
The Master,"Philip Seymour Hoffman, Joaquin Phoenix,Amy Adams, Jesse Plemons",2012,144
Footloose,"Kenny Wormald, Julianne Hough, Dennis Quaid,Andie MacDowell",2011,113
If I Stay,"Chloë Grace Moretz, Mireille Enos, Jamie Blackley,Joshua Leonard",2014,107
The Ticket,"Dan Stevens, Malin Akerman, Oliver Platt, Kerry Bishé",2016,97
Detour,"Tye Sheridan, Emory Cohen, Bel Powley,Stephen Moyer",2016,97
The Love Witch,"Samantha Robinson, Jeffrey Vincent Parise, Laura Waddell, Gian Keys",2016,120
Talladega Nights: The Ballad of Ricky Bobby,"Will Ferrell, John C. Reilly, Sacha Baron Cohen, Gary Cole",2006,108
The Human Centipede (First Sequence),"Dieter Laser, Ashley C. Williams, Ashlynn Yennie, Akihiro Kitamura",2009,92
Super,"Rainn Wilson, Ellen Page, Liv Tyler, Kevin Bacon",2010,96
The Siege of Jadotville,"Jamie Dornan, Mark Strong, Jason O'Mara, Michael McElhatton",2016,108
Up in the Air,"George Clooney, Vera Farmiga, Anna Kendrick,Jason Bateman",2009,109
The Midnight Meat Train,"Vinnie Jones, Bradley Cooper, Leslie Bibb, Brooke Shields",2008,98
The Twilight Saga: Eclipse,"Kristen Stewart, Robert Pattinson, Taylor Lautner,Xavier Samuel",2010,124
Transpecos,"Johnny Simmons, Gabriel Luna, Clifton Collins Jr.,David Acord",2016,86
What's Your Number?,"Anna Faris, Chris Evans, Ari Graynor, Blythe Danner",2011,106
Riddick,"Vin Diesel, Karl Urban, Katee Sackhoff, Jordi Mollà",2013,119
Triangle,"Melissa George, Joshua McIvor, Jack Taylor,Michael Dorman",2009,99
The Butler,"Forest Whitaker, Oprah Winfrey, John Cusack, Jane Fonda",2013,132
King Cobra,"Garrett Clayton, Christian Slater, Molly Ringwald,James Kelley",2016,91
After Earth,"Jaden Smith, David Denman, Will Smith,Sophie Okonedo",2013,100
Kicks,"Jahking Guillory, Christopher Jordan Wallace,Christopher Meyer, Kofi Siriboe",2016,80
Me and Earl and the Dying Girl,"Thomas Mann, RJ Cyler, Olivia Cooke, Nick Offerman",2015,105
The Descendants,"George Clooney, Shailene Woodley, Amara Miller, Nick Krause",2011,115
Sex and the City 2,"Sarah Jessica Parker, Kim Cattrall, Kristin Davis, Cynthia Nixon",2010,146
The Kings of Summer,"Nick Robinson, Gabriel Basso, Moises Arias,Nick Offerman",2013,95
Death Race,"Jason Statham, Joan Allen, Tyrese Gibson, Ian McShane",2008,105
That Awkward Moment,"Zac Efron, Michael B. Jordan, Miles Teller, Imogen Poots",2014,94
Legion,"Paul Bettany, Dennis Quaid, Charles S. Dutton, Lucas Black",2010,100
End of Watch,"Jake Gyllenhaal, Michael Peña, Anna Kendrick, America Ferrera",2012,109
3 Days to Kill,"Kevin Costner, Hailee Steinfeld, Connie Nielsen, Amber Heard",2014,117
Lucky Number Slevin,"Josh Hartnett, Ben Kingsley, Morgan Freeman, Lucy Liu",2006,110
Trance,"James McAvoy, Rosario Dawson, Vincent Cassel,Danny Sapani",2013,101
Into the Forest,"Ellen Page, Evan Rachel Wood, Max Minghella,Callum Keith Rennie",2015,101
The Other Boleyn Girl,"Natalie Portman, Scarlett Johansson, Eric Bana,Jim Sturgess",2008,115
I Spit on Your Grave,"Sarah Butler, Jeff Branson, Andrew Howard,Daniel Franzese",2010,108
Custody,"Viola Davis, Hayden Panettiere, Catalina Sandino Moreno, Ellen Burstyn",2016,104
Inland Empire,"Laura Dern, Jeremy Irons, Justin Theroux, Karolina Gruszka",2006,180
L'odyssée,"Lambert Wilson, Pierre Niney, Audrey Tautou,Laurent Lucas",2016,122
The Walk,"Joseph Gordon-Levitt, Charlotte Le Bon,Guillaume Baillargeon, Émilie Leclerc",2015,123
Wrecker,"Anna Hutchison, Andrea Whitburn, Jennifer Koenig,Michael Dickson",2015,83
The Lone Ranger,"Johnny Depp, Armie Hammer, William Fichtner,Tom Wilkinson",2013,150
Texas Chainsaw 3D,"Alexandra Daddario, Tania Raymonde, Scott Eastwood, Trey Songz",2013,92
Disturbia,"Shia LaBeouf, David Morse, Carrie-Anne Moss, Sarah Roemer",2007,105
Rock of Ages,"Julianne Hough, Diego Boneta, Tom Cruise, Alec Baldwin",2012,123
Scream 4,"Neve Campbell, Courteney Cox, David Arquette, Lucy Hale",2011,111
Queen of Katwe,"Madina Nalwanga, David Oyelowo, Lupita Nyong'o, Martin Kabanza",2016,124
My Big Fat Greek Wedding 2,"Nia Vardalos, John Corbett, Michael Constantine, Lainie Kazan",2016,94
Dark Places,"Charlize Theron, Nicholas Hoult, Christina Hendricks, Chloë Grace Moretz",2015,113
Amateur Night,"Jason Biggs, Janet Montgomery,Ashley Tisdale, Bria L. Murphy",2016,92
It's Only the End of the World,"Nathalie Baye, Vincent Cassel, Marion Cotillard, Léa Seydoux",2016,97
The Skin I Live In,"Antonio Banderas, Elena Anaya, Jan Cornet,Marisa Paredes",2011,120
Miracles from Heaven,"Jennifer Garner, Kylie Rogers, Martin Henderson,Brighton Sharbino",2016,109
Annie,"Quvenzhané Wallis, Cameron Diaz, Jamie Foxx, Rose Byrne",2014,118
Across the Universe,"Evan Rachel Wood, Jim Sturgess, Joe Anderson, Dana Fuchs",2007,133
Let's Be Cops,"Jake Johnson, Damon Wayans Jr., Rob Riggle, Nina Dobrev",2014,104
Max,"Thomas Haden Church, Josh Wiggins, Luke Kleintank,Lauren Graham",2015,111
Your Highness,"Danny McBride, Natalie Portman, James Franco, Rasmus Hardiker",2011,102
Final Destination 5,"Nicholas D'Agosto, Emma Bell, Arlen Escarpeta, Miles Fisher",2011,92
Endless Love,"Gabriella Wilde, Alex Pettyfer, Bruce Greenwood,Robert Patrick",2014,104
Martyrs,"Morjana Alaoui, Mylène Jampanoï, Catherine Bégin,Robert Toupin",2008,99
Selma,"David Oyelowo, Carmen Ejogo, Tim Roth, Lorraine Toussaint",2014,128
Underworld: Rise of the Lycans,"Rhona Mitra, Michael Sheen, Bill Nighy, Steven Mackintosh",2009,92
Taare Zameen Par,"Darsheel Safary, Aamir Khan, Tanay Chheda, Sachet Engineer",2007,165
Take Me Home Tonight,"Topher Grace, Anna Faris, Dan Fogler, Teresa Palmer",2011,97
Resident Evil: Afterlife,"Milla Jovovich, Ali Larter, Wentworth Miller,Kim Coates",2010,97
Project X,"Thomas Mann, Oliver Cooper, Jonathan Daniel Brown, Dax Flame",2012,88
Secret in Their Eyes,"Chiwetel Ejiofor, Nicole Kidman, Julia Roberts, Dean Norris",2015,111
Hostel: Part II,"Lauren German, Heather Matarazzo, Bijou Phillips, Roger Bart",2007,94
Step Up 2: The Streets,"Robert Hoffman, Briana Evigan, Cassie Ventura, Adam G. Sevani",2008,98
Search Party,"Adam Pally, T.J. Miller, Thomas Middleditch,Shannon Woodward",2014,93
Nine Lives,"Kevin Spacey, Jennifer Garner, Robbie Amell,Cheryl Hines",2016,87
